[15:10:37.393][info] [#0:/home/keven/.local/share/nvim/mason/packages/lua-language-server/libexec/main.lua:71]: Lua Lsp startup, root: 	/home/keven/.local/share/nvim/mason/packages/lua-language-server/libexec
[15:10:37.393][info] [#0:/home/keven/.local/share/nvim/mason/packages/lua-language-server/libexec/main.lua:72]: ROOT:	/home/keven/.local/share/nvim/mason/packages/lua-language-server/libexec
[15:10:37.393][info] [#0:/home/keven/.local/share/nvim/mason/packages/lua-language-server/libexec/main.lua:73]: LOGPATH:	/home/keven/.local/share/nvim/mason/packages/lua-language-server/libexec/log
[15:10:37.393][info] [#0:/home/keven/.local/share/nvim/mason/packages/lua-language-server/libexec/main.lua:74]: METAPATH:	/home/keven/.local/share/nvim/mason/packages/lua-language-server/libexec/meta
[15:10:37.394][info] [#0:/home/keven/.local/share/nvim/mason/packages/lua-language-server/libexec/main.lua:75]: VERSION:	3.16.4
[15:10:37.436][info] [#0:script/proto/proto.lua:260]: Listen Mode: stdio
[15:10:37.436][info] [#0:script/service/service.lua:145]: 
========= Medical Examination Report =========
    --------------- Memory ---------------
        Total: 1.898 MB
        # 00 : 1.898 MB
        # 01 : 0.000 MB
        # 02 : 0.000 MB
        # 03 : 0.000 MB
        # 04 : 0.000 MB
    --------------- Coroutine ---------------
        Total:     0
        Running:   0
        Suspended: 0
        Normal:    0
        Dead:      0
    --------------- Cache ---------------
        Total: 1
        Dead:  0
    ---------------  RPC  ---------------
        Holdon:   0
        Waiting:  0
==============================================
[15:10:37.545][info] [#0:script/client.lua:657]: Client init	{
  capabilities = {
    general = {
      positionEncodings = { "utf-8", "utf-16", "utf-32" }
    },
    textDocument = {
      callHierarchy = {
        dynamicRegistration = false
      },
      codeAction = {
        codeActionLiteralSupport = {
          codeActionKind = {
            valueSet = { "", "quickfix", "refactor", "refactor.extract", "refactor.inline", "refactor.rewrite", "source", "source.organizeImports" }
          }
        },
        dataSupport = true,
        dynamicRegistration = true,
        isPreferredSupport = true,
        resolveSupport = {
          properties = { "edit", "command" }
        }
      },
      codeLens = {
        dynamicRegistration = false,
        resolveSupport = {
          properties = { "command" }
        }
      },
      completion = {
        completionItem = {
          commitCharactersSupport = false,
          deprecatedSupport = true,
          documentationFormat = { "markdown", "plaintext" },
          preselectSupport = false,
          resolveSupport = {
            properties = { "additionalTextEdits", "command" }
          },
          snippetSupport = true,
          tagSupport = {
            valueSet = { 1 }
          }
        },
        completionItemKind = {
          valueSet = { 1, 2, 3, 4, 5, 6, 7, 8, 9, 10, 11, 12, 13, 14, 15, 16, 17, 18, 19, 20, 21, 22, 23, 24, 25 }
        },
        completionList = {
          itemDefaults = { "editRange", "insertTextFormat", "insertTextMode", "data" }
        },
        contextSupport = true,
        dynamicRegistration = false
      },
      declaration = {
        linkSupport = true
      },
      definition = {
        dynamicRegistration = true,
        linkSupport = true
      },
      diagnostic = {
        dynamicRegistration = false,
        tagSupport = {
          valueSet = { 1, 2 }
        }
      },
      documentHighlight = {
        dynamicRegistration = false
      },
      documentSymbol = {
        dynamicRegistration = false,
        hierarchicalDocumentSymbolSupport = true,
        symbolKind = {
          valueSet = { 1, 2, 3, 4, 5, 6, 7, 8, 9, 10, 11, 12, 13, 14, 15, 16, 17, 18, 19, 20, 21, 22, 23, 24, 25, 26 }
        }
      },
      foldingRange = {
        dynamicRegistration = false,
        foldingRange = {
          collapsedText = true
        },
        foldingRangeKind = {
          valueSet = { "comment", "imports", "region" }
        },
        lineFoldingOnly = true
      },
      formatting = {
        dynamicRegistration = true
      },
      hover = {
        contentFormat = { "markdown", "plaintext" },
        dynamicRegistration = true
      },
      implementation = {
        linkSupport = true
      },
      inlayHint = {
        dynamicRegistration = true,
        resolveSupport = {
          properties = { "textEdits", "tooltip", "location", "command" }
        }
      },
      publishDiagnostics = {
        dataSupport = true,
        relatedInformation = true,
        tagSupport = {
          valueSet = { 1, 2 }
        }
      },
      rangeFormatting = {
        dynamicRegistration = true,
        rangesSupport = true
      },
      references = {
        dynamicRegistration = false
      },
      rename = {
        dynamicRegistration = true,
        prepareSupport = true
      },
      semanticTokens = {
        augmentsSyntaxTokens = true,
        dynamicRegistration = false,
        formats = { "relative" },
        multilineTokenSupport = false,
        overlappingTokenSupport = true,
        requests = {
          full = {
            delta = true
          },
          range = false
        },
        serverCancelSupport = false,
        tokenModifiers = { "declaration", "definition", "readonly", "static", "deprecated", "abstract", "async", "modification", "documentation", "defaultLibrary" },
        tokenTypes = { "namespace", "type", "class", "enum", "interface", "struct", "typeParameter", "parameter", "variable", "property", "enumMember", "event", "function", "method", "macro", "keyword", "modifier", "comment", "string", "number", "regexp", "operator", "decorator" }
      },
      signatureHelp = {
        dynamicRegistration = false,
        signatureInformation = {
          activeParameterSupport = true,
          documentationFormat = { "markdown", "plaintext" },
          parameterInformation = {
            labelOffsetSupport = true
          }
        }
      },
      synchronization = {
        didSave = true,
        dynamicRegistration = false,
        willSave = true,
        willSaveWaitUntil = true
      },
      typeDefinition = {
        linkSupport = true
      }
    },
    window = {
      showDocument = {
        support = true
      },
      showMessage = {
        messageActionItem = {
          additionalPropertiesSupport = true
        }
      },
      workDoneProgress = true
    },
    workspace = {
      applyEdit = true,
      configuration = true,
      didChangeConfiguration = {
        dynamicRegistration = false
      },
      didChangeWatchedFiles = {
        dynamicRegistration = false,
        relativePatternSupport = true
      },
      fileOperations = {
        didRename = true,
        willRename = true
      },
      inlayHint = {
        refreshSupport = true
      },
      semanticTokens = {
        refreshSupport = true
      },
      symbol = {
        dynamicRegistration = false,
        symbolKind = {
          valueSet = { 1, 2, 3, 4, 5, 6, 7, 8, 9, 10, 11, 12, 13, 14, 15, 16, 17, 18, 19, 20, 21, 22, 23, 24, 25, 26 }
        }
      },
      workspaceEdit = {
        resourceOperations = { "rename", "create", "delete" }
      },
      workspaceFolders = true
    }
  },
  clientInfo = {
    name = "Neovim",
    version = "0.11.5+v0.11.5"
  },
  processId = 223760,
  rootPath = "/home/keven/dotfiles/nvim/.config/nvim",
  rootUri = "file:///home/keven/dotfiles/nvim/.config/nvim",
  trace = "off",
  workDoneToken = "1",
  workspaceFolders = { {
      name = "/home/keven/dotfiles/nvim/.config/nvim",
      uri = "file:///home/keven/dotfiles/nvim/.config/nvim"
    } }
}
[15:10:37.545][info] [#0:script/language.lua:137]: VSC language: nil
[15:10:37.545][info] [#0:script/language.lua:138]: LS  language: en-us
[15:10:37.545][info] [#0:script/workspace/workspace.lua:38]: Workspace init root: 	file:///home/keven/dotfiles/nvim/.config/nvim
[15:10:37.545][info] [#0:script/workspace/workspace.lua:42]: Log path: 	/home/keven/.local/share/nvim/mason/packages/lua-language-server/libexec/log/file_home_keven_dotfiles_nvim_.config_nvim.log
[15:10:37.545][info] [#0:script/workspace/workspace.lua:48]: Workspace create: 	file:///home/keven/dotfiles/nvim/.config/nvim
[15:10:37.749][info] [#0:script/provider/provider.lua:49]: Load config from client	file:///home/keven/dotfiles/nvim/.config/nvim
[15:10:37.749][info] [#0:script/provider/provider.lua:50]: {
  Lua = {
    codeLens = {
      enable = true
    },
    completion = {
      callSnippet = "Replace"
    },
    doc = {
      privateName = { "^_" }
    },
    hint = {
      arrayIndex = "Disable",
      enable = true,
      paramName = "Disable",
      paramType = true,
      semicolon = "Disable",
      setType = false
    },
    runtime = {
      path = { "?.lua", "?/init.lua" },
      pathStrict = true,
      version = "LuaJIT"
    },
    workspace = {
      checkThirdParty = false,
      ignoreDir = { "/lua" },
      library = { "/usr/local/share/nvim/runtime/lua", "/home/keven/dotfiles/nvim/.config/nvim/lua", "/home/keven/.local/share/nvim/lazy/LazyVim/lua", "/home/keven/.local/share/nvim/lazy/lazy.nvim/lua" }
    }
  }
}
[15:10:37.749][info] [#0:script/provider/provider.lua:49]: Load config from client	file:///home/keven/dotfiles/nvim/.config/nvim
[15:10:37.749][info] [#0:script/provider/provider.lua:50]: {
  Lua = {
    codeLens = {
      enable = true
    },
    completion = {
      callSnippet = "Replace"
    },
    doc = {
      privateName = { "^_" }
    },
    hint = {
      arrayIndex = "Disable",
      enable = true,
      paramName = "Disable",
      paramType = true,
      semicolon = "Disable",
      setType = false
    },
    runtime = {
      path = { "?.lua", "?/init.lua" },
      pathStrict = true,
      version = "LuaJIT"
    },
    workspace = {
      checkThirdParty = false,
      ignoreDir = { "/lua" },
      library = { "/usr/local/share/nvim/runtime/lua", "/home/keven/dotfiles/nvim/.config/nvim/lua", "/home/keven/.local/share/nvim/lazy/LazyVim/lua", "/home/keven/.local/share/nvim/lazy/lazy.nvim/lua" }
    }
  }
}
[15:10:37.750][warn] [#0:script/config/loader.lua:116]: No config?	{}
[15:10:37.750][info] [#0:script/provider/provider.lua:65]: Load config from client	fallback
[15:10:37.750][info] [#0:script/provider/provider.lua:66]: nil
[15:10:37.750][warn] [#0:script/config/loader.lua:116]: No config?	{}
[15:10:37.750][info] [#0:script/provider/provider.lua:65]: Load config from client	fallback
[15:10:37.750][info] [#0:script/provider/provider.lua:66]: nil
[15:10:37.874][info] [#0:script/library.lua:216]: Init builtin library at:	file:///home/keven/dotfiles/nvim/.config/nvim
[15:10:37.877][error][#0:script/locale-loader.lua:5]: script/locale-loader.lua:5: attempt to index a number value (local 'k')
stack traceback:
	script/locale-loader.lua:5: in upvalue 'mergeKey'
	script/locale-loader.lua:18: in metamethod 'newindex'
	...ckages/lua-language-server/libexec/locale/en-us/meta.lua:885: in main chunk
	script/locale-loader.lua:25: in function 'locale-loader'
	[C]: in global 'xpcall'
	script/library.lua:210: in upvalue 'loadMetaLocale'
	script/library.lua:230: in upvalue 'initBuiltIn'
	script/library.lua:668: in upvalue 'callback'
	script/workspace/workspace.lua:31: in function <script/workspace/workspace.lua:30>
[15:10:37.908][info] [#0:script/library.lua:216]: Init builtin library at:	nil
[15:10:37.910][error][#0:script/locale-loader.lua:5]: script/locale-loader.lua:5: attempt to index a number value (local 'k')
stack traceback:
	script/locale-loader.lua:5: in upvalue 'mergeKey'
	script/locale-loader.lua:18: in metamethod 'newindex'
	...ckages/lua-language-server/libexec/locale/en-us/meta.lua:885: in main chunk
	script/locale-loader.lua:25: in function 'locale-loader'
	[C]: in global 'xpcall'
	script/library.lua:210: in upvalue 'loadMetaLocale'
	script/library.lua:230: in upvalue 'initBuiltIn'
	script/library.lua:668: in upvalue 'callback'
	script/workspace/workspace.lua:31: in function <script/workspace/workspace.lua:30>
[15:10:37.922][info] [#0:script/provider/provider.lua:49]: Load config from client	file:///home/keven/dotfiles/nvim/.config/nvim
[15:10:37.922][info] [#0:script/provider/provider.lua:50]: {
  Lua = {
    codeLens = {
      enable = true
    },
    completion = {
      callSnippet = "Replace"
    },
    doc = {
      privateName = { "^_" }
    },
    hint = {
      arrayIndex = "Disable",
      enable = true,
      paramName = "Disable",
      paramType = true,
      semicolon = "Disable",
      setType = false
    },
    runtime = {
      path = { "?.lua", "?/init.lua" },
      pathStrict = true,
      version = "LuaJIT"
    },
    workspace = {
      checkThirdParty = false,
      ignoreDir = { "/lua" },
      library = { "/usr/local/share/nvim/runtime/lua", "/home/keven/dotfiles/nvim/.config/nvim/lua", "/home/keven/.local/share/nvim/lazy/LazyVim/lua", "/home/keven/.local/share/nvim/lazy/lazy.nvim/lua" }
    }
  }
}
[15:10:38.024][info] [#0:script/workspace/workspace.lua:332]: Preload start:	file:///home/keven/dotfiles/nvim/.config/nvim
[15:10:38.029][info] [#0:script/workspace/workspace.lua:338]: Scan files at:	file:///home/keven/dotfiles/nvim/.config/nvim
[15:10:38.029][info] [#0:script/workspace/workspace.lua:332]: Preload start:	<fallback>
[15:10:38.034][info] [#0:script/workspace/workspace.lua:361]: Scan library at:	file:///home/keven/.local/share/nvim/mason/packages/lua-language-server/libexec/meta/Lua%205.4%20en-us%20utf8/builtin.lua
[15:10:38.035][warn] [#0:script/config/loader.lua:116]: No config?	{}
[15:10:38.035][info] [#0:script/provider/provider.lua:65]: Load config from client	fallback
[15:10:38.035][info] [#0:script/provider/provider.lua:66]: nil
[15:10:38.036][info] [#0:script/workspace/workspace.lua:361]: Scan library at:	file:///home/keven/.local/share/nvim/mason/packages/lua-language-server/libexec/meta/Lua%205.4%20en-us%20utf8/debug.lua
[15:10:38.036][info] [#0:script/workspace/workspace.lua:361]: Scan library at:	file:///home/keven/.local/share/nvim/mason/packages/lua-language-server/libexec/meta/Lua%205.4%20en-us%20utf8/io.lua
[15:10:38.037][info] [#0:script/workspace/workspace.lua:361]: Scan library at:	file:///home/keven/.local/share/nvim/mason/packages/lua-language-server/libexec/meta/Lua%205.4%20en-us%20utf8/string.lua
[15:10:38.037][info] [#0:script/workspace/workspace.lua:361]: Scan library at:	file:///home/keven/.local/share/nvim/mason/packages/lua-language-server/libexec/meta/Lua%205.4%20en-us%20utf8/utf8.lua
[15:10:38.038][info] [#0:script/workspace/workspace.lua:361]: Scan library at:	file:///home/keven/.local/share/nvim/mason/packages/lua-language-server/libexec/meta/Lua%205.4%20en-us%20utf8/package.lua
[15:10:38.038][info] [#0:script/workspace/workspace.lua:361]: Scan library at:	file:///home/keven/.local/share/nvim/mason/packages/lua-language-server/libexec/meta/Lua%205.4%20en-us%20utf8/math.lua
[15:10:38.038][info] [#0:script/workspace/workspace.lua:361]: Scan library at:	file:///home/keven/.local/share/nvim/mason/packages/lua-language-server/libexec/meta/LuaJIT%20en-us%20utf8/coroutine.lua
[15:10:38.039][info] [#0:script/workspace/workspace.lua:361]: Scan library at:	file:///home/keven/.local/share/nvim/mason/packages/lua-language-server/libexec/meta/Lua%205.4%20en-us%20utf8/os.lua
[15:10:38.039][info] [#0:script/workspace/workspace.lua:361]: Scan library at:	file:///home/keven/.local/share/nvim/mason/packages/lua-language-server/libexec/meta/LuaJIT%20en-us%20utf8/jit.lua
[15:10:38.039][info] [#0:script/workspace/workspace.lua:361]: Scan library at:	file:///home/keven/.local/share/nvim/mason/packages/lua-language-server/libexec/meta/Lua%205.4%20en-us%20utf8/table.lua
[15:10:38.040][info] [#0:script/workspace/workspace.lua:361]: Scan library at:	file:///usr/local/share/nvim/runtime/lua
[15:10:38.044][info] [#0:script/workspace/workspace.lua:361]: Scan library at:	file:///home/keven/.local/share/nvim/mason/packages/lua-language-server/libexec/meta/Lua%205.4%20en-us%20utf8/basic.lua
[15:10:38.045][info] [#0:script/workspace/workspace.lua:361]: Scan library at:	file:///home/keven/.local/share/nvim/mason/packages/lua-language-server/libexec/meta/Lua%205.4%20en-us%20utf8/coroutine.lua
[15:10:38.055][info] [#0:script/workspace/workspace.lua:361]: Scan library at:	file:///home/keven/.local/share/nvim/mason/packages/lua-language-server/libexec/meta/LuaJIT%20en-us%20utf8/io.lua
[15:10:38.055][info] [#0:script/workspace/workspace.lua:361]: Scan library at:	file:///home/keven/.local/share/nvim/mason/packages/lua-language-server/libexec/meta/LuaJIT%20en-us%20utf8/basic.lua
[15:10:38.055][info] [#0:script/workspace/workspace.lua:361]: Scan library at:	file:///home/keven/.local/share/nvim/mason/packages/lua-language-server/libexec/meta/LuaJIT%20en-us%20utf8/table/clear.lua
[15:10:38.055][info] [#0:script/workspace/workspace.lua:361]: Scan library at:	file:///home/keven/.local/share/nvim/mason/packages/lua-language-server/libexec/meta/LuaJIT%20en-us%20utf8/debug.lua
[15:10:38.056][info] [#0:script/workspace/workspace.lua:361]: Scan library at:	file:///home/keven/.local/share/nvim/mason/packages/lua-language-server/libexec/meta/LuaJIT%20en-us%20utf8/jit/profile.lua
[15:10:38.056][info] [#0:script/workspace/workspace.lua:361]: Scan library at:	file:///home/keven/.local/share/nvim/mason/packages/lua-language-server/libexec/meta/LuaJIT%20en-us%20utf8/os.lua
[15:10:38.056][info] [#0:script/workspace/workspace.lua:361]: Scan library at:	file:///home/keven/dotfiles/nvim/.config/nvim/lua
[15:10:38.056][info] [#0:script/workspace/workspace.lua:361]: Scan library at:	file:///home/keven/.local/share/nvim/mason/packages/lua-language-server/libexec/meta/LuaJIT%20en-us%20utf8/table.lua
[15:10:38.056][info] [#0:script/workspace/workspace.lua:361]: Scan library at:	file:///home/keven/.local/share/nvim/lazy/LazyVim/lua
[15:10:38.068][info] [#0:script/workspace/workspace.lua:361]: Scan library at:	file:///home/keven/.local/share/nvim/mason/packages/lua-language-server/libexec/meta/LuaJIT%20en-us%20utf8/bit.lua
[15:10:38.068][info] [#0:script/workspace/workspace.lua:361]: Scan library at:	file:///home/keven/.local/share/nvim/lazy/lazy.nvim/lua
[15:10:38.072][info] [#0:script/workspace/workspace.lua:361]: Scan library at:	file:///home/keven/.local/share/nvim/mason/packages/lua-language-server/libexec/meta/LuaJIT%20en-us%20utf8/table/new.lua
[15:10:38.073][info] [#0:script/workspace/workspace.lua:361]: Scan library at:	file:///home/keven/.local/share/nvim/mason/packages/lua-language-server/libexec/meta/LuaJIT%20en-us%20utf8/builtin.lua
[15:10:38.073][info] [#0:script/workspace/workspace.lua:361]: Scan library at:	file:///home/keven/.local/share/nvim/mason/packages/lua-language-server/libexec/meta/LuaJIT%20en-us%20utf8/string.lua
[15:10:38.073][info] [#0:script/workspace/workspace.lua:361]: Scan library at:	file:///home/keven/.local/share/nvim/mason/packages/lua-language-server/libexec/meta/LuaJIT%20en-us%20utf8/ffi.lua
[15:10:38.073][info] [#0:script/workspace/workspace.lua:361]: Scan library at:	file:///home/keven/.local/share/nvim/mason/packages/lua-language-server/libexec/meta/LuaJIT%20en-us%20utf8/math.lua
[15:10:38.073][info] [#0:script/workspace/workspace.lua:361]: Scan library at:	file:///home/keven/.local/share/nvim/mason/packages/lua-language-server/libexec/meta/LuaJIT%20en-us%20utf8/string/buffer.lua
[15:10:38.073][info] [#0:script/workspace/workspace.lua:361]: Scan library at:	file:///home/keven/.local/share/nvim/mason/packages/lua-language-server/libexec/meta/LuaJIT%20en-us%20utf8/jit/util.lua
[15:10:38.073][info] [#0:script/workspace/workspace.lua:361]: Scan library at:	file:///home/keven/.local/share/nvim/mason/packages/lua-language-server/libexec/meta/LuaJIT%20en-us%20utf8/package.lua
[15:10:38.174][info] [#0:script/workspace/workspace.lua:387]: Found 11 files at:	<fallback>
[15:10:38.174][info] [#0:script/workspace/loading.lua:160]: Load files from disk:	<fallback>
[15:10:38.174][info] [#0:script/workspace/workspace.lua:387]: Found 349 files at:	file:///home/keven/dotfiles/nvim/.config/nvim
[15:10:38.174][info] [#0:script/workspace/loading.lua:160]: Load files from disk:	file:///home/keven/dotfiles/nvim/.config/nvim
[15:10:38.176][info] [#0:script/workspace/loading.lua:100]: Preload file at: file:///home/keven/.local/share/nvim/mason/packages/lua-language-server/libexec/meta/Lua%205.4%20en-us%20utf8/coroutine.lua , size = 2.590 KB
[15:10:38.179][info] [#0:script/workspace/loading.lua:112]: ++++As library of:	file:///home/keven/.local/share/nvim/mason/packages/lua-language-server/libexec/meta/Lua%205.4%20en-us%20utf8/coroutine.lua
[15:10:38.179][info] [#0:script/workspace/loading.lua:100]: Preload file at: file:///home/keven/.local/share/nvim/mason/packages/lua-language-server/libexec/meta/LuaJIT%20en-us%20utf8/package.lua , size = 2.699 KB
[15:10:38.182][info] [#0:script/workspace/loading.lua:112]: ++++As library of:	file:///home/keven/.local/share/nvim/mason/packages/lua-language-server/libexec/meta/LuaJIT%20en-us%20utf8/package.lua
[15:10:38.182][info] [#0:script/workspace/loading.lua:100]: Preload file at: file:///home/keven/.local/share/nvim/mason/packages/lua-language-server/libexec/meta/Lua%205.4%20en-us%20utf8/basic.lua , size = 17.330 KB
[15:10:38.199][info] [#0:script/workspace/loading.lua:112]: ++++As library of:	file:///home/keven/.local/share/nvim/mason/packages/lua-language-server/libexec/meta/Lua%205.4%20en-us%20utf8/basic.lua
[15:10:38.199][info] [#0:script/workspace/loading.lua:100]: Preload file at: file:///home/keven/.local/share/nvim/mason/packages/lua-language-server/libexec/meta/LuaJIT%20en-us%20utf8/jit/util.lua , size = 1.984 KB
[15:10:38.204][info] [#0:script/workspace/loading.lua:112]: ++++As library of:	file:///home/keven/.local/share/nvim/mason/packages/lua-language-server/libexec/meta/LuaJIT%20en-us%20utf8/jit/util.lua
[15:10:38.204][info] [#0:script/workspace/loading.lua:100]: Preload file at: file:///home/keven/.local/share/nvim/mason/packages/lua-language-server/libexec/meta/Lua%205.4%20en-us%20utf8/table.lua , size = 5.020 KB
[15:10:38.213][info] [#0:script/workspace/loading.lua:112]: ++++As library of:	file:///home/keven/.local/share/nvim/mason/packages/lua-language-server/libexec/meta/Lua%205.4%20en-us%20utf8/table.lua
[15:10:38.213][info] [#0:script/workspace/loading.lua:100]: Preload file at: file:///home/keven/.local/share/nvim/mason/packages/lua-language-server/libexec/meta/LuaJIT%20en-us%20utf8/string/buffer.lua , size = 18.057 KB
[15:10:38.222][info] [#0:script/workspace/loading.lua:112]: ++++As library of:	file:///home/keven/.local/share/nvim/mason/packages/lua-language-server/libexec/meta/LuaJIT%20en-us%20utf8/string/buffer.lua
[15:10:38.222][info] [#0:script/workspace/loading.lua:100]: Preload file at: file:///home/keven/.local/share/nvim/mason/packages/lua-language-server/libexec/meta/Lua%205.4%20en-us%20utf8/os.lua , size = 5.611 KB
[15:10:38.228][info] [#0:script/workspace/loading.lua:112]: ++++As library of:	file:///home/keven/.local/share/nvim/mason/packages/lua-language-server/libexec/meta/Lua%205.4%20en-us%20utf8/os.lua
[15:10:38.228][info] [#0:script/workspace/loading.lua:100]: Preload file at: file:///home/keven/.local/share/nvim/mason/packages/lua-language-server/libexec/meta/LuaJIT%20en-us%20utf8/math.lua , size = 8.035 KB
[15:10:38.237][info] [#0:script/workspace/loading.lua:112]: ++++As library of:	file:///home/keven/.local/share/nvim/mason/packages/lua-language-server/libexec/meta/LuaJIT%20en-us%20utf8/math.lua
[15:10:38.237][info] [#0:script/workspace/loading.lua:100]: Preload file at: file:///home/keven/.local/share/nvim/mason/packages/lua-language-server/libexec/meta/Lua%205.4%20en-us%20utf8/math.lua , size = 8.595 KB
[15:10:38.249][info] [#0:script/workspace/loading.lua:112]: ++++As library of:	file:///home/keven/.local/share/nvim/mason/packages/lua-language-server/libexec/meta/Lua%205.4%20en-us%20utf8/math.lua
[15:10:38.249][info] [#0:script/workspace/loading.lua:100]: Preload file at: file:///home/keven/.local/share/nvim/mason/packages/lua-language-server/libexec/meta/LuaJIT%20en-us%20utf8/ffi.lua , size = 2.529 KB
[15:10:38.254][info] [#0:script/workspace/loading.lua:112]: ++++As library of:	file:///home/keven/.local/share/nvim/mason/packages/lua-language-server/libexec/meta/LuaJIT%20en-us%20utf8/ffi.lua
[15:10:38.254][info] [#0:script/workspace/loading.lua:100]: Preload file at: file:///home/keven/.local/share/nvim/mason/packages/lua-language-server/libexec/meta/Lua%205.4%20en-us%20utf8/package.lua , size = 2.944 KB
[15:10:38.258][info] [#0:script/workspace/loading.lua:112]: ++++As library of:	file:///home/keven/.local/share/nvim/mason/packages/lua-language-server/libexec/meta/Lua%205.4%20en-us%20utf8/package.lua
[15:10:38.258][info] [#0:script/workspace/loading.lua:100]: Preload file at: file:///home/keven/.local/share/nvim/mason/packages/lua-language-server/libexec/meta/LuaJIT%20en-us%20utf8/string.lua , size = 6.371 KB
[15:10:38.267][info] [#0:script/workspace/loading.lua:112]: ++++As library of:	file:///home/keven/.local/share/nvim/mason/packages/lua-language-server/libexec/meta/LuaJIT%20en-us%20utf8/string.lua
[15:10:38.267][info] [#0:script/workspace/loading.lua:100]: Preload file at: file:///home/keven/.local/share/nvim/mason/packages/lua-language-server/libexec/meta/Lua%205.4%20en-us%20utf8/utf8.lua , size = 2.387 KB
[15:10:38.270][info] [#0:script/workspace/loading.lua:112]: ++++As library of:	file:///home/keven/.local/share/nvim/mason/packages/lua-language-server/libexec/meta/Lua%205.4%20en-us%20utf8/utf8.lua
[15:10:38.270][info] [#0:script/workspace/loading.lua:100]: Preload file at: file:///home/keven/.local/share/nvim/mason/packages/lua-language-server/libexec/meta/LuaJIT%20en-us%20utf8/builtin.lua , size = 0.302 KB
[15:10:38.271][info] [#0:script/workspace/loading.lua:112]: ++++As library of:	file:///home/keven/.local/share/nvim/mason/packages/lua-language-server/libexec/meta/LuaJIT%20en-us%20utf8/builtin.lua
[15:10:38.271][info] [#0:script/workspace/loading.lua:100]: Preload file at: file:///home/keven/.local/share/nvim/mason/packages/lua-language-server/libexec/meta/Lua%205.4%20en-us%20utf8/string.lua , size = 6.389 KB
[15:10:38.277][info] [#0:script/workspace/loading.lua:112]: ++++As library of:	file:///home/keven/.local/share/nvim/mason/packages/lua-language-server/libexec/meta/Lua%205.4%20en-us%20utf8/string.lua
[15:10:38.277][info] [#0:script/workspace/loading.lua:100]: Preload file at: file:///home/keven/.local/share/nvim/mason/packages/lua-language-server/libexec/meta/LuaJIT%20en-us%20utf8/table/new.lua , size = 0.642 KB
[15:10:38.278][info] [#0:script/workspace/loading.lua:112]: ++++As library of:	file:///home/keven/.local/share/nvim/mason/packages/lua-language-server/libexec/meta/LuaJIT%20en-us%20utf8/table/new.lua
[15:10:38.278][info] [#0:script/workspace/loading.lua:100]: Preload file at: file:///home/keven/.local/share/nvim/mason/packages/lua-language-server/libexec/meta/Lua%205.4%20en-us%20utf8/io.lua , size = 6.364 KB
[15:10:38.285][info] [#0:script/workspace/loading.lua:112]: ++++As library of:	file:///home/keven/.local/share/nvim/mason/packages/lua-language-server/libexec/meta/Lua%205.4%20en-us%20utf8/io.lua
[15:10:38.286][info] [#0:script/workspace/loading.lua:100]: Preload file at: file:///home/keven/.local/share/nvim/lazy/lazy.nvim/lua/lazy/docs.lua , size = 4.920 KB
[15:10:38.293][info] [#0:script/workspace/loading.lua:112]: ++++As library of:	file:///home/keven/.local/share/nvim/lazy/lazy.nvim/lua
[15:10:38.293][info] [#0:script/workspace/loading.lua:100]: Preload file at: file:///home/keven/.local/share/nvim/mason/packages/lua-language-server/libexec/meta/Lua%205.4%20en-us%20utf8/debug.lua , size = 7.637 KB
[15:10:38.300][info] [#0:script/workspace/loading.lua:112]: ++++As library of:	file:///home/keven/.local/share/nvim/mason/packages/lua-language-server/libexec/meta/Lua%205.4%20en-us%20utf8/debug.lua
[15:10:38.300][info] [#0:script/workspace/loading.lua:100]: Preload file at: file:///home/keven/.local/share/nvim/lazy/lazy.nvim/lua/lazy/example.lua , size = 2.644 KB
[15:10:38.302][info] [#0:script/workspace/loading.lua:112]: ++++As library of:	file:///home/keven/.local/share/nvim/lazy/lazy.nvim/lua
[15:10:38.302][info] [#0:script/workspace/loading.lua:100]: Preload file at: file:///home/keven/.local/share/nvim/mason/packages/lua-language-server/libexec/meta/Lua%205.4%20en-us%20utf8/builtin.lua , size = 0.302 KB
[15:10:38.304][info] [#0:script/workspace/loading.lua:112]: ++++As library of:	file:///home/keven/.local/share/nvim/mason/packages/lua-language-server/libexec/meta/Lua%205.4%20en-us%20utf8/builtin.lua
[15:10:38.304][info] [#0:script/workspace/loading.lua:100]: Preload file at: file:///home/keven/.local/share/nvim/lazy/lazy.nvim/lua/lazy/util.lua , size = 6.888 KB
[15:10:38.314][info] [#0:script/workspace/loading.lua:112]: ++++As library of:	file:///home/keven/.local/share/nvim/lazy/lazy.nvim/lua
[15:10:38.314][info] [#0:script/workspace/loading.lua:100]: Preload file at: file:///home/keven/.local/share/nvim/lazy/lazy.nvim/lua/lazy/health.lua , size = 5.792 KB
[15:10:38.321][info] [#0:script/workspace/loading.lua:112]: ++++As library of:	file:///home/keven/.local/share/nvim/lazy/lazy.nvim/lua
[15:10:38.321][info] [#0:script/workspace/loading.lua:100]: Preload file at: file:///home/keven/.local/share/nvim/lazy/lazy.nvim/lua/lazy/community/specs.lua , size = 0.115 KB
[15:10:38.321][info] [#0:script/workspace/loading.lua:112]: ++++As library of:	file:///home/keven/.local/share/nvim/lazy/lazy.nvim/lua
[15:10:38.321][info] [#0:script/workspace/loading.lua:100]: Preload file at: file:///home/keven/.local/share/nvim/lazy/lazy.nvim/lua/lazy/community/_generated.lua , size = 65.702 KB
[15:10:38.371][info] [#0:script/workspace/loading.lua:112]: ++++As library of:	file:///home/keven/.local/share/nvim/lazy/lazy.nvim/lua
[15:10:38.371][info] [#0:script/workspace/loading.lua:100]: Preload file at: file:///home/keven/.local/share/nvim/lazy/lazy.nvim/lua/lazy/community/init.lua , size = 0.511 KB
[15:10:38.373][info] [#0:script/workspace/loading.lua:112]: ++++As library of:	file:///home/keven/.local/share/nvim/lazy/lazy.nvim/lua
[15:10:38.373][info] [#0:script/workspace/loading.lua:100]: Preload file at: file:///home/keven/.local/share/nvim/lazy/lazy.nvim/lua/lazy/view/config.lua , size = 3.507 KB
[15:10:38.376][info] [#0:script/workspace/loading.lua:112]: ++++As library of:	file:///home/keven/.local/share/nvim/lazy/lazy.nvim/lua
[15:10:38.376][info] [#0:script/workspace/loading.lua:100]: Preload file at: file:///home/keven/.local/share/nvim/lazy/lazy.nvim/lua/lazy/view/diff.lua , size = 1.585 KB
[15:10:38.380][info] [#0:script/workspace/loading.lua:112]: ++++As library of:	file:///home/keven/.local/share/nvim/lazy/lazy.nvim/lua
[15:10:38.380][info] [#0:script/workspace/loading.lua:100]: Preload file at: file:///home/keven/.local/share/nvim/lazy/lazy.nvim/lua/lazy/view/render.lua , size = 23.064 KB
[15:10:38.416][info] [#0:script/workspace/loading.lua:112]: ++++As library of:	file:///home/keven/.local/share/nvim/lazy/lazy.nvim/lua
[15:10:38.416][info] [#0:script/workspace/loading.lua:100]: Preload file at: file:///home/keven/.local/share/nvim/lazy/lazy.nvim/lua/lazy/view/sections.lua , size = 2.430 KB
[15:10:38.418][info] [#0:script/workspace/loading.lua:112]: ++++As library of:	file:///home/keven/.local/share/nvim/lazy/lazy.nvim/lua
[15:10:38.418][info] [#0:script/workspace/loading.lua:100]: Preload file at: file:///home/keven/.local/share/nvim/lazy/lazy.nvim/lua/lazy/view/colors.lua , size = 1.820 KB
[15:10:38.422][info] [#0:script/workspace/loading.lua:112]: ++++As library of:	file:///home/keven/.local/share/nvim/lazy/lazy.nvim/lua
[15:10:38.423][info] [#0:script/workspace/loading.lua:100]: Preload file at: file:///home/keven/.local/share/nvim/lazy/lazy.nvim/lua/lazy/view/float.lua , size = 9.536 KB
[15:10:38.438][info] [#0:script/workspace/loading.lua:112]: ++++As library of:	file:///home/keven/.local/share/nvim/lazy/lazy.nvim/lua
[15:10:38.438][info] [#0:script/workspace/loading.lua:100]: Preload file at: file:///home/keven/.local/share/nvim/lazy/lazy.nvim/lua/lazy/view/text.lua , size = 3.813 KB
[15:10:38.444][info] [#0:script/workspace/loading.lua:112]: ++++As library of:	file:///home/keven/.local/share/nvim/lazy/lazy.nvim/lua
[15:10:38.444][info] [#0:script/workspace/loading.lua:100]: Preload file at: file:///home/keven/.local/share/nvim/lazy/lazy.nvim/lua/lazy/view/commands.lua , size = 3.899 KB
[15:10:38.450][info] [#0:script/workspace/loading.lua:112]: ++++As library of:	file:///home/keven/.local/share/nvim/lazy/lazy.nvim/lua
[15:10:38.450][info] [#0:script/workspace/loading.lua:100]: Preload file at: file:///home/keven/.local/share/nvim/lazy/lazy.nvim/lua/lazy/view/init.lua , size = 9.394 KB
[15:10:38.464][info] [#0:script/workspace/loading.lua:112]: ++++As library of:	file:///home/keven/.local/share/nvim/lazy/lazy.nvim/lua
[15:10:38.464][info] [#0:script/workspace/loading.lua:100]: Preload file at: file:///home/keven/.local/share/nvim/lazy/lazy.nvim/lua/lazy/async.lua , size = 4.302 KB
[15:10:38.472][info] [#0:script/workspace/loading.lua:112]: ++++As library of:	file:///home/keven/.local/share/nvim/lazy/lazy.nvim/lua
[15:10:38.472][info] [#0:script/workspace/loading.lua:100]: Preload file at: file:///home/keven/.local/share/nvim/lazy/lazy.nvim/lua/lazy/pkg/packspec.lua , size = 1.137 KB
[15:10:38.475][info] [#0:script/workspace/loading.lua:112]: ++++As library of:	file:///home/keven/.local/share/nvim/lazy/lazy.nvim/lua
[15:10:38.475][info] [#0:script/workspace/loading.lua:100]: Preload file at: file:///home/keven/.local/share/nvim/lazy/lazy.nvim/lua/lazy/pkg/rockspec.lua , size = 8.061 KB
[15:10:38.487][info] [#0:script/workspace/loading.lua:112]: ++++As library of:	file:///home/keven/.local/share/nvim/lazy/lazy.nvim/lua
[15:10:38.487][info] [#0:script/workspace/loading.lua:100]: Preload file at: file:///home/keven/.local/share/nvim/lazy/lazy.nvim/lua/lazy/pkg/lazy.lua , size = 0.720 KB
[15:10:38.489][info] [#0:script/workspace/loading.lua:112]: ++++As library of:	file:///home/keven/.local/share/nvim/lazy/lazy.nvim/lua
[15:10:38.489][info] [#0:script/workspace/loading.lua:100]: Preload file at: file:///home/keven/.local/share/nvim/lazy/lazy.nvim/lua/lazy/pkg/init.lua , size = 3.186 KB
[15:10:38.493][info] [#0:script/workspace/loading.lua:112]: ++++As library of:	file:///home/keven/.local/share/nvim/lazy/lazy.nvim/lua
[15:10:38.493][info] [#0:script/workspace/loading.lua:100]: Preload file at: file:///home/keven/.local/share/nvim/lazy/lazy.nvim/lua/lazy/help.lua , size = 2.216 KB
[15:10:38.501][info] [#0:script/workspace/loading.lua:112]: ++++As library of:	file:///home/keven/.local/share/nvim/lazy/lazy.nvim/lua
[15:10:38.516][info] [#0:script/workspace/loading.lua:100]: Preload file at: file:///home/keven/.local/share/nvim/lazy/lazy.nvim/lua/lazy/stats.lua , size = 2.215 KB
[15:10:38.521][info] [#0:script/workspace/loading.lua:112]: ++++As library of:	file:///home/keven/.local/share/nvim/lazy/lazy.nvim/lua
[15:10:38.521][info] [#0:script/workspace/loading.lua:100]: Preload file at: file:///home/keven/.local/share/nvim/lazy/lazy.nvim/lua/lazy/build.lua , size = 4.072 KB
[15:10:38.528][info] [#0:script/workspace/loading.lua:112]: ++++As library of:	file:///home/keven/.local/share/nvim/lazy/lazy.nvim/lua
[15:10:38.528][info] [#0:script/workspace/loading.lua:100]: Preload file at: file:///home/keven/.local/share/nvim/lazy/lazy.nvim/lua/lazy/status.lua , size = 0.353 KB
[15:10:38.530][info] [#0:script/workspace/loading.lua:112]: ++++As library of:	file:///home/keven/.local/share/nvim/lazy/lazy.nvim/lua
[15:10:38.530][info] [#0:script/workspace/loading.lua:100]: Preload file at: file:///home/keven/.local/share/nvim/lazy/lazy.nvim/lua/lazy/manage/task/plugin.lua , size = 2.765 KB
[15:10:38.534][info] [#0:script/workspace/loading.lua:112]: ++++As library of:	file:///home/keven/.local/share/nvim/lazy/lazy.nvim/lua
[15:10:38.534][info] [#0:script/workspace/loading.lua:100]: Preload file at: file:///home/keven/.local/share/nvim/lazy/lazy.nvim/lua/lazy/manage/task/fs.lua , size = 1.009 KB
[15:10:38.536][info] [#0:script/workspace/loading.lua:112]: ++++As library of:	file:///home/keven/.local/share/nvim/lazy/lazy.nvim/lua
[15:10:38.536][info] [#0:script/workspace/loading.lua:100]: Preload file at: file:///home/keven/.local/share/nvim/lazy/lazy.nvim/lua/lazy/manage/task/init.lua , size = 5.805 KB
[15:10:38.547][info] [#0:script/workspace/loading.lua:112]: ++++As library of:	file:///home/keven/.local/share/nvim/lazy/lazy.nvim/lua
[15:10:38.547][info] [#0:script/workspace/loading.lua:100]: Preload file at: file:///home/keven/.local/share/nvim/lazy/lazy.nvim/lua/lazy/manage/task/git.lua , size = 10.135 KB
[15:10:38.560][info] [#0:script/workspace/loading.lua:112]: ++++As library of:	file:///home/keven/.local/share/nvim/lazy/lazy.nvim/lua
[15:10:38.560][info] [#0:script/workspace/loading.lua:100]: Preload file at: file:///home/keven/.local/share/nvim/lazy/lazy.nvim/lua/lazy/manage/reloader.lua , size = 2.817 KB
[15:10:38.564][info] [#0:script/workspace/loading.lua:112]: ++++As library of:	file:///home/keven/.local/share/nvim/lazy/lazy.nvim/lua
[15:10:38.564][info] [#0:script/workspace/loading.lua:100]: Preload file at: file:///home/keven/.local/share/nvim/lazy/lazy.nvim/lua/lazy/manage/runner.lua , size = 4.847 KB
[15:10:38.572][info] [#0:script/workspace/loading.lua:112]: ++++As library of:	file:///home/keven/.local/share/nvim/lazy/lazy.nvim/lua
[15:10:38.572][info] [#0:script/workspace/loading.lua:100]: Preload file at: file:///home/keven/.local/share/nvim/lazy/lazy.nvim/lua/lazy/manage/checker.lua , size = 2.479 KB
[15:10:38.577][info] [#0:script/workspace/loading.lua:112]: ++++As library of:	file:///home/keven/.local/share/nvim/lazy/lazy.nvim/lua
[15:10:38.577][info] [#0:script/workspace/loading.lua:100]: Preload file at: file:///home/keven/.local/share/nvim/lazy/lazy.nvim/lua/lazy/manage/process.lua , size = 5.447 KB
[15:10:38.588][info] [#0:script/workspace/loading.lua:112]: ++++As library of:	file:///home/keven/.local/share/nvim/lazy/lazy.nvim/lua
[15:10:38.588][info] [#0:script/workspace/loading.lua:100]: Preload file at: file:///home/keven/.local/share/nvim/lazy/lazy.nvim/lua/lazy/manage/lock.lua , size = 1.668 KB
[15:10:38.592][info] [#0:script/workspace/loading.lua:112]: ++++As library of:	file:///home/keven/.local/share/nvim/lazy/lazy.nvim/lua
[15:10:38.592][info] [#0:script/workspace/loading.lua:100]: Preload file at: file:///home/keven/.local/share/nvim/lazy/lazy.nvim/lua/lazy/manage/init.lua , size = 5.940 KB
[15:10:38.608][info] [#0:script/workspace/loading.lua:112]: ++++As library of:	file:///home/keven/.local/share/nvim/lazy/lazy.nvim/lua
[15:10:38.608][info] [#0:script/workspace/loading.lua:100]: Preload file at: file:///home/keven/.local/share/nvim/lazy/lazy.nvim/lua/lazy/manage/semver.lua , size = 4.455 KB
[15:10:38.614][info] [#0:script/workspace/loading.lua:112]: ++++As library of:	file:///home/keven/.local/share/nvim/lazy/lazy.nvim/lua
[15:10:38.614][info] [#0:script/workspace/loading.lua:100]: Preload file at: file:///home/keven/.local/share/nvim/lazy/lazy.nvim/lua/lazy/manage/git.lua , size = 6.279 KB
[15:10:38.622][info] [#0:script/workspace/loading.lua:112]: ++++As library of:	file:///home/keven/.local/share/nvim/lazy/lazy.nvim/lua
[15:10:38.622][info] [#0:script/workspace/loading.lua:100]: Preload file at: file:///home/keven/.local/share/nvim/lazy/lazy.nvim/lua/lazy/core/config.lua , size = 12.009 KB
[15:10:38.631][info] [#0:script/workspace/loading.lua:112]: ++++As library of:	file:///home/keven/.local/share/nvim/lazy/lazy.nvim/lua
[15:10:38.631][info] [#0:script/workspace/loading.lua:100]: Preload file at: file:///home/keven/.local/share/nvim/lazy/lazy.nvim/lua/lazy/core/util.lua , size = 12.348 KB
[15:10:38.647][info] [#0:script/workspace/loading.lua:112]: ++++As library of:	file:///home/keven/.local/share/nvim/lazy/lazy.nvim/lua
[15:10:38.647][info] [#0:script/workspace/loading.lua:100]: Preload file at: file:///home/keven/.local/share/nvim/lazy/lazy.nvim/lua/lazy/core/meta.lua , size = 9.738 KB
[15:10:38.658][info] [#0:script/workspace/loading.lua:112]: ++++As library of:	file:///home/keven/.local/share/nvim/lazy/lazy.nvim/lua
[15:10:38.658][info] [#0:script/workspace/loading.lua:100]: Preload file at: file:///home/keven/.local/share/nvim/lazy/lazy.nvim/lua/lazy/core/fragments.lua , size = 4.215 KB
[15:10:38.664][info] [#0:script/workspace/loading.lua:112]: ++++As library of:	file:///home/keven/.local/share/nvim/lazy/lazy.nvim/lua
[15:10:38.664][info] [#0:script/workspace/loading.lua:100]: Preload file at: file:///home/keven/.local/share/nvim/lazy/lazy.nvim/lua/lazy/core/plugin.lua , size = 12.541 KB
[15:10:38.679][info] [#0:script/workspace/loading.lua:112]: ++++As library of:	file:///home/keven/.local/share/nvim/lazy/lazy.nvim/lua
[15:10:38.679][info] [#0:script/workspace/loading.lua:100]: Preload file at: file:///home/keven/.local/share/nvim/lazy/lazy.nvim/lua/lazy/core/loader.lua , size = 14.966 KB
[15:10:38.696][info] [#0:script/workspace/loading.lua:112]: ++++As library of:	file:///home/keven/.local/share/nvim/lazy/lazy.nvim/lua
[15:10:38.697][info] [#0:script/workspace/loading.lua:172]: Loaded files takes [0.519] sec: <fallback>
[15:10:38.697][info] [#0:script/workspace/loading.lua:181]: Compile files takes [0.000] sec: <fallback>
[15:10:38.697][info] [#0:script/workspace/loading.lua:182]: Loaded finish:	<fallback>
[15:10:38.697][info] [#0:script/workspace/workspace.lua:389]: Preload finish at:	<fallback>
[15:10:38.710][info] [#0:script/workspace/loading.lua:100]: Preload file at: file:///home/keven/.local/share/nvim/lazy/lazy.nvim/lua/lazy/core/handler/cmd.lua , size = 1.638 KB
[15:10:38.712][info] [#0:script/workspace/loading.lua:112]: ++++As library of:	file:///home/keven/.local/share/nvim/lazy/lazy.nvim/lua
[15:10:38.712][info] [#0:script/workspace/loading.lua:100]: Preload file at: file:///home/keven/.local/share/nvim/lazy/lazy.nvim/lua/lazy/core/handler/ft.lua , size = 0.442 KB
[15:10:38.713][info] [#0:script/workspace/loading.lua:112]: ++++As library of:	file:///home/keven/.local/share/nvim/lazy/lazy.nvim/lua
[15:10:38.713][info] [#0:script/workspace/loading.lua:100]: Preload file at: file:///home/keven/.local/share/nvim/lazy/lazy.nvim/lua/lazy/core/handler/event.lua , size = 4.956 KB
[15:10:38.719][info] [#0:script/workspace/loading.lua:112]: ++++As library of:	file:///home/keven/.local/share/nvim/lazy/lazy.nvim/lua
[15:10:38.719][info] [#0:script/workspace/loading.lua:100]: Preload file at: file:///home/keven/.local/share/nvim/lazy/lazy.nvim/lua/lazy/core/handler/keys.lua , size = 5.302 KB
[15:10:38.727][info] [#0:script/workspace/loading.lua:112]: ++++As library of:	file:///home/keven/.local/share/nvim/lazy/lazy.nvim/lua
[15:10:38.727][info] [#0:script/workspace/loading.lua:100]: Preload file at: file:///home/keven/.local/share/nvim/lazy/lazy.nvim/lua/lazy/core/handler/init.lua , size = 3.170 KB
[15:10:38.732][info] [#0:script/workspace/loading.lua:112]: ++++As library of:	file:///home/keven/.local/share/nvim/lazy/lazy.nvim/lua
[15:10:38.732][info] [#0:script/workspace/loading.lua:100]: Preload file at: file:///home/keven/.local/share/nvim/lazy/lazy.nvim/lua/lazy/core/cache.lua , size = 16.584 KB
[15:10:38.750][info] [#0:script/workspace/loading.lua:112]: ++++As library of:	file:///home/keven/.local/share/nvim/lazy/lazy.nvim/lua
[15:10:38.750][info] [#0:script/workspace/loading.lua:100]: Preload file at: file:///home/keven/.local/share/nvim/lazy/lazy.nvim/lua/lazy/minit.lua , size = 5.172 KB
[15:10:38.757][info] [#0:script/workspace/loading.lua:112]: ++++As library of:	file:///home/keven/.local/share/nvim/lazy/lazy.nvim/lua
[15:10:38.757][info] [#0:script/workspace/loading.lua:100]: Preload file at: file:///home/keven/.local/share/nvim/lazy/lazy.nvim/lua/lazy/terminal.lua , size = 2.394 KB
[15:10:38.760][info] [#0:script/workspace/loading.lua:112]: ++++As library of:	file:///home/keven/.local/share/nvim/lazy/lazy.nvim/lua
[15:10:38.760][info] [#0:script/workspace/loading.lua:100]: Preload file at: file:///home/keven/.local/share/nvim/lazy/lazy.nvim/lua/lazy/types.lua , size = 3.755 KB
[15:10:38.765][info] [#0:script/workspace/loading.lua:112]: ++++As library of:	file:///home/keven/.local/share/nvim/lazy/lazy.nvim/lua
[15:10:38.765][info] [#0:script/workspace/loading.lua:100]: Preload file at: file:///home/keven/.local/share/nvim/lazy/lazy.nvim/lua/lazy/init.lua , size = 3.749 KB
[15:10:38.770][info] [#0:script/workspace/loading.lua:112]: ++++As library of:	file:///home/keven/.local/share/nvim/lazy/lazy.nvim/lua
[15:10:38.770][info] [#0:script/workspace/loading.lua:100]: Preload file at: file:///home/keven/.local/share/nvim/lazy/lazy.nvim/lua/lazy/state.lua , size = 0.859 KB
[15:10:38.772][info] [#0:script/workspace/loading.lua:112]: ++++As library of:	file:///home/keven/.local/share/nvim/lazy/lazy.nvim/lua
[15:10:38.772][info] [#0:script/workspace/loading.lua:100]: Preload file at: file:///home/keven/.local/share/nvim/mason/packages/lua-language-server/libexec/meta/LuaJIT%20en-us%20utf8/bit.lua , size = 1.243 KB
[15:10:38.774][info] [#0:script/workspace/loading.lua:112]: ++++As library of:	file:///home/keven/.local/share/nvim/mason/packages/lua-language-server/libexec/meta/LuaJIT%20en-us%20utf8/bit.lua
[15:10:38.775][info] [#0:script/workspace/loading.lua:100]: Preload file at: file:///home/keven/.local/share/nvim/lazy/LazyVim/lua/lazyvim/util/treesitter.lua , size = 4.438 KB
[15:10:38.780][info] [#0:script/workspace/loading.lua:112]: ++++As library of:	file:///home/keven/.local/share/nvim/lazy/LazyVim/lua
[15:10:38.780][info] [#0:script/workspace/loading.lua:100]: Preload file at: file:///home/keven/.local/share/nvim/lazy/LazyVim/lua/lazyvim/util/lsp.lua , size = 2.298 KB
[15:10:38.783][info] [#0:script/workspace/loading.lua:112]: ++++As library of:	file:///home/keven/.local/share/nvim/lazy/LazyVim/lua
[15:10:38.783][info] [#0:script/workspace/loading.lua:100]: Preload file at: file:///home/keven/.local/share/nvim/lazy/LazyVim/lua/lazyvim/util/inject.lua , size = 0.864 KB
[15:10:38.785][info] [#0:script/workspace/loading.lua:112]: ++++As library of:	file:///home/keven/.local/share/nvim/lazy/LazyVim/lua
[15:10:38.785][info] [#0:script/workspace/loading.lua:100]: Preload file at: file:///home/keven/.local/share/nvim/lazy/LazyVim/lua/lazyvim/util/lualine.lua , size = 5.316 KB
[15:10:38.792][info] [#0:script/workspace/loading.lua:112]: ++++As library of:	file:///home/keven/.local/share/nvim/lazy/LazyVim/lua
[15:10:38.792][info] [#0:script/workspace/loading.lua:100]: Preload file at: file:///home/keven/.local/share/nvim/lazy/LazyVim/lua/lazyvim/util/cmp.lua , size = 5.561 KB
[15:10:38.798][info] [#0:script/workspace/loading.lua:112]: ++++As library of:	file:///home/keven/.local/share/nvim/lazy/LazyVim/lua
[15:10:38.798][info] [#0:script/workspace/loading.lua:100]: Preload file at: file:///home/keven/.local/share/nvim/lazy/LazyVim/lua/lazyvim/util/plugin.lua , size = 5.026 KB
[15:10:38.802][info] [#0:script/workspace/loading.lua:112]: ++++As library of:	file:///home/keven/.local/share/nvim/lazy/LazyVim/lua
[15:10:38.802][info] [#0:script/workspace/loading.lua:100]: Preload file at: file:///home/keven/.local/share/nvim/lazy/LazyVim/lua/lazyvim/util/extras.lua , size = 9.910 KB
[15:10:38.815][info] [#0:script/workspace/loading.lua:112]: ++++As library of:	file:///home/keven/.local/share/nvim/lazy/LazyVim/lua
[15:10:38.815][info] [#0:script/workspace/loading.lua:100]: Preload file at: file:///home/keven/.local/share/nvim/lazy/LazyVim/lua/lazyvim/util/deprecated.lua , size = 2.176 KB
[15:10:38.818][info] [#0:script/workspace/loading.lua:112]: ++++As library of:	file:///home/keven/.local/share/nvim/lazy/LazyVim/lua
[15:10:38.818][info] [#0:script/workspace/loading.lua:100]: Preload file at: file:///home/keven/.local/share/nvim/lazy/LazyVim/lua/lazyvim/util/format.lua , size = 5.351 KB
[15:10:38.824][info] [#0:script/workspace/loading.lua:112]: ++++As library of:	file:///home/keven/.local/share/nvim/lazy/LazyVim/lua
[15:10:38.824][info] [#0:script/workspace/loading.lua:100]: Preload file at: file:///home/keven/.local/share/nvim/lazy/LazyVim/lua/lazyvim/util/pick.lua , size = 1.844 KB
[15:10:38.827][info] [#0:script/workspace/loading.lua:112]: ++++As library of:	file:///home/keven/.local/share/nvim/lazy/LazyVim/lua
[15:10:38.827][info] [#0:script/workspace/loading.lua:100]: Preload file at: file:///home/keven/.local/share/nvim/lazy/LazyVim/lua/lazyvim/util/mini.lua , size = 4.214 KB
[15:10:38.832][info] [#0:script/workspace/loading.lua:112]: ++++As library of:	file:///home/keven/.local/share/nvim/lazy/LazyVim/lua
[15:10:38.832][info] [#0:script/workspace/loading.lua:100]: Preload file at: file:///home/keven/.local/share/nvim/lazy/LazyVim/lua/lazyvim/util/terminal.lua , size = 1.168 KB
[15:10:38.834][info] [#0:script/workspace/loading.lua:112]: ++++As library of:	file:///home/keven/.local/share/nvim/lazy/LazyVim/lua
[15:10:38.834][info] [#0:script/workspace/loading.lua:100]: Preload file at: file:///home/keven/.local/share/nvim/lazy/LazyVim/lua/lazyvim/util/init.lua , size = 9.730 KB
[15:10:38.845][info] [#0:script/workspace/loading.lua:112]: ++++As library of:	file:///home/keven/.local/share/nvim/lazy/LazyVim/lua
[15:10:38.845][info] [#0:script/workspace/loading.lua:100]: Preload file at: file:///home/keven/.local/share/nvim/lazy/LazyVim/lua/lazyvim/util/json.lua , size = 3.443 KB
[15:10:38.849][info] [#0:script/workspace/loading.lua:112]: ++++As library of:	file:///home/keven/.local/share/nvim/lazy/LazyVim/lua
[15:10:38.849][info] [#0:script/workspace/loading.lua:100]: Preload file at: file:///home/keven/.local/share/nvim/lazy/LazyVim/lua/lazyvim/util/root.lua , size = 5.630 KB
[15:10:38.857][info] [#0:script/workspace/loading.lua:112]: ++++As library of:	file:///home/keven/.local/share/nvim/lazy/LazyVim/lua
[15:10:38.857][info] [#0:script/workspace/loading.lua:100]: Preload file at: file:///home/keven/.local/share/nvim/lazy/LazyVim/lua/lazyvim/util/news.lua , size = 2.121 KB
[15:10:38.860][info] [#0:script/workspace/loading.lua:112]: ++++As library of:	file:///home/keven/.local/share/nvim/lazy/LazyVim/lua
[15:10:38.860][info] [#0:script/workspace/loading.lua:100]: Preload file at: file:///home/keven/.local/share/nvim/lazy/LazyVim/lua/lazyvim/health.lua , size = 1.700 KB
[15:10:38.863][info] [#0:script/workspace/loading.lua:112]: ++++As library of:	file:///home/keven/.local/share/nvim/lazy/LazyVim/lua
[15:10:38.863][info] [#0:script/workspace/loading.lua:100]: Preload file at: file:///home/keven/.local/share/nvim/lazy/LazyVim/lua/lazyvim/plugins/linting.lua , size = 3.621 KB
[15:10:38.867][info] [#0:script/workspace/loading.lua:112]: ++++As library of:	file:///home/keven/.local/share/nvim/lazy/LazyVim/lua
[15:10:38.867][info] [#0:script/workspace/loading.lua:100]: Preload file at: file:///home/keven/.local/share/nvim/lazy/LazyVim/lua/lazyvim/plugins/treesitter.lua , size = 6.828 KB
[15:10:38.874][info] [#0:script/workspace/loading.lua:112]: ++++As library of:	file:///home/keven/.local/share/nvim/lazy/LazyVim/lua
[15:10:38.874][info] [#0:script/workspace/loading.lua:100]: Preload file at: file:///home/keven/.local/share/nvim/lazy/LazyVim/lua/lazyvim/plugins/util.lua , size = 2.166 KB
[15:10:38.878][info] [#0:script/workspace/loading.lua:112]: ++++As library of:	file:///home/keven/.local/share/nvim/lazy/LazyVim/lua
[15:10:38.878][info] [#0:script/workspace/loading.lua:100]: Preload file at: file:///home/keven/.local/share/nvim/lazy/LazyVim/lua/lazyvim/plugins/colorscheme.lua , size = 1.379 KB
[15:10:38.879][info] [#0:script/workspace/loading.lua:112]: ++++As library of:	file:///home/keven/.local/share/nvim/lazy/LazyVim/lua
[15:10:38.880][info] [#0:script/workspace/loading.lua:100]: Preload file at: file:///home/keven/.local/share/nvim/lazy/LazyVim/lua/lazyvim/plugins/ui.lua , size = 12.449 KB
[15:10:38.891][info] [#0:script/workspace/loading.lua:112]: ++++As library of:	file:///home/keven/.local/share/nvim/lazy/LazyVim/lua
[15:10:38.891][info] [#0:script/workspace/loading.lua:100]: Preload file at: file:///home/keven/.local/share/nvim/lazy/LazyVim/lua/lazyvim/plugins/formatting.lua , size = 3.232 KB
[15:10:38.894][info] [#0:script/workspace/loading.lua:112]: ++++As library of:	file:///home/keven/.local/share/nvim/lazy/LazyVim/lua
[15:10:38.894][info] [#0:script/workspace/loading.lua:100]: Preload file at: file:///home/keven/.local/share/nvim/lazy/LazyVim/lua/lazyvim/plugins/extras/editor/harpoon2.lua , size = 0.805 KB
[15:10:38.896][info] [#0:script/workspace/loading.lua:112]: ++++As library of:	file:///home/keven/.local/share/nvim/lazy/LazyVim/lua
[15:10:38.896][info] [#0:script/workspace/loading.lua:100]: Preload file at: file:///home/keven/.local/share/nvim/lazy/LazyVim/lua/lazyvim/plugins/extras/editor/outline.lua , size = 1.504 KB
[15:10:38.898][info] [#0:script/workspace/loading.lua:112]: ++++As library of:	file:///home/keven/.local/share/nvim/lazy/LazyVim/lua
[15:10:38.898][info] [#0:script/workspace/loading.lua:100]: Preload file at: file:///home/keven/.local/share/nvim/lazy/LazyVim/lua/lazyvim/plugins/extras/editor/refactoring.lua , size = 3.869 KB
[15:10:38.902][info] [#0:script/workspace/loading.lua:112]: ++++As library of:	file:///home/keven/.local/share/nvim/lazy/LazyVim/lua
[15:10:38.902][info] [#0:script/workspace/loading.lua:100]: Preload file at: file:///home/keven/.local/share/nvim/lazy/LazyVim/lua/lazyvim/plugins/extras/editor/fzf.lua , size = 11.436 KB
[15:10:38.914][info] [#0:script/workspace/loading.lua:112]: ++++As library of:	file:///home/keven/.local/share/nvim/lazy/LazyVim/lua
[15:10:38.915][info] [#0:script/workspace/loading.lua:100]: Preload file at: file:///home/keven/.local/share/nvim/lazy/LazyVim/lua/lazyvim/plugins/extras/editor/dial.lua , size = 5.035 KB
[15:10:38.920][info] [#0:script/workspace/loading.lua:112]: ++++As library of:	file:///home/keven/.local/share/nvim/lazy/LazyVim/lua
[15:10:38.920][info] [#0:script/workspace/loading.lua:100]: Preload file at: file:///home/keven/.local/share/nvim/lazy/LazyVim/lua/lazyvim/plugins/extras/editor/navic.lua , size = 0.892 KB
[15:10:38.922][info] [#0:script/workspace/loading.lua:112]: ++++As library of:	file:///home/keven/.local/share/nvim/lazy/LazyVim/lua
[15:10:38.922][info] [#0:script/workspace/loading.lua:100]: Preload file at: file:///home/keven/.local/share/nvim/lazy/LazyVim/lua/lazyvim/plugins/extras/editor/overseer.lua , size = 2.321 KB
[15:10:38.924][info] [#0:script/workspace/loading.lua:112]: ++++As library of:	file:///home/keven/.local/share/nvim/lazy/LazyVim/lua
[15:10:38.924][info] [#0:script/workspace/loading.lua:100]: Preload file at: file:///home/keven/.local/share/nvim/lazy/LazyVim/lua/lazyvim/plugins/extras/editor/leap.lua , size = 1.692 KB
[15:10:38.926][info] [#0:script/workspace/loading.lua:112]: ++++As library of:	file:///home/keven/.local/share/nvim/lazy/LazyVim/lua
[15:10:38.927][info] [#0:script/workspace/loading.lua:100]: Preload file at: file:///home/keven/.local/share/nvim/lazy/LazyVim/lua/lazyvim/plugins/extras/editor/illuminate.lua , size = 1.599 KB
[15:10:38.929][info] [#0:script/workspace/loading.lua:112]: ++++As library of:	file:///home/keven/.local/share/nvim/lazy/LazyVim/lua
[15:10:38.929][info] [#0:script/workspace/loading.lua:100]: Preload file at: file:///home/keven/.local/share/nvim/lazy/LazyVim/lua/lazyvim/plugins/extras/editor/mini-move.lua , size = 0.084 KB
[15:10:38.930][info] [#0:script/workspace/loading.lua:112]: ++++As library of:	file:///home/keven/.local/share/nvim/lazy/LazyVim/lua
[15:10:38.930][info] [#0:script/workspace/loading.lua:100]: Preload file at: file:///home/keven/.local/share/nvim/lazy/LazyVim/lua/lazyvim/plugins/extras/editor/mini-files.lua , size = 3.417 KB
[15:10:38.934][info] [#0:script/workspace/loading.lua:112]: ++++As library of:	file:///home/keven/.local/share/nvim/lazy/LazyVim/lua
[15:10:38.934][info] [#0:script/workspace/loading.lua:100]: Preload file at: file:///home/keven/.local/share/nvim/lazy/LazyVim/lua/lazyvim/plugins/extras/editor/snacks_picker.lua , size = 10.333 KB
[15:10:38.946][info] [#0:script/workspace/loading.lua:112]: ++++As library of:	file:///home/keven/.local/share/nvim/lazy/LazyVim/lua
[15:10:38.946][info] [#0:script/workspace/loading.lua:100]: Preload file at: file:///home/keven/.local/share/nvim/lazy/LazyVim/lua/lazyvim/plugins/extras/editor/mini-diff.lua , size = 1.621 KB
[15:10:38.948][info] [#0:script/workspace/loading.lua:112]: ++++As library of:	file:///home/keven/.local/share/nvim/lazy/LazyVim/lua
[15:10:38.949][info] [#0:script/workspace/loading.lua:100]: Preload file at: file:///home/keven/.local/share/nvim/lazy/LazyVim/lua/lazyvim/plugins/extras/editor/telescope.lua , size = 11.788 KB
[15:10:38.960][info] [#0:script/workspace/loading.lua:112]: ++++As library of:	file:///home/keven/.local/share/nvim/lazy/LazyVim/lua
[15:10:38.960][info] [#0:script/workspace/loading.lua:100]: Preload file at: file:///home/keven/.local/share/nvim/lazy/LazyVim/lua/lazyvim/plugins/extras/editor/inc-rename.lua , size = 0.856 KB
[15:10:38.961][info] [#0:script/workspace/loading.lua:112]: ++++As library of:	file:///home/keven/.local/share/nvim/lazy/LazyVim/lua
[15:10:38.961][info] [#0:script/workspace/loading.lua:100]: Preload file at: file:///home/keven/.local/share/nvim/lazy/LazyVim/lua/lazyvim/plugins/extras/editor/neo-tree.lua , size = 3.901 KB
[15:10:38.965][info] [#0:script/workspace/loading.lua:112]: ++++As library of:	file:///home/keven/.local/share/nvim/lazy/LazyVim/lua
[15:10:38.965][info] [#0:script/workspace/loading.lua:100]: Preload file at: file:///home/keven/.local/share/nvim/lazy/LazyVim/lua/lazyvim/plugins/extras/editor/aerial.lua , size = 3.464 KB
[15:10:38.968][info] [#0:script/workspace/loading.lua:112]: ++++As library of:	file:///home/keven/.local/share/nvim/lazy/LazyVim/lua
[15:10:38.968][info] [#0:script/workspace/loading.lua:100]: Preload file at: file:///home/keven/.local/share/nvim/lazy/LazyVim/lua/lazyvim/plugins/extras/editor/snacks_explorer.lua , size = 0.565 KB
[15:10:38.969][info] [#0:script/workspace/loading.lua:112]: ++++As library of:	file:///home/keven/.local/share/nvim/lazy/LazyVim/lua
[15:10:38.970][info] [#0:script/workspace/loading.lua:100]: Preload file at: file:///home/keven/.local/share/nvim/lazy/LazyVim/lua/lazyvim/plugins/extras/util/gitui.lua , size = 0.782 KB
[15:10:38.971][info] [#0:script/workspace/loading.lua:112]: ++++As library of:	file:///home/keven/.local/share/nvim/lazy/LazyVim/lua
[15:10:38.971][info] [#0:script/workspace/loading.lua:100]: Preload file at: file:///home/keven/.local/share/nvim/lazy/LazyVim/lua/lazyvim/plugins/extras/util/rest.lua , size = 1.754 KB
[15:10:38.973][info] [#0:script/workspace/loading.lua:112]: ++++As library of:	file:///home/keven/.local/share/nvim/lazy/LazyVim/lua
[15:10:38.973][info] [#0:script/workspace/loading.lua:100]: Preload file at: file:///home/keven/.local/share/nvim/lazy/LazyVim/lua/lazyvim/plugins/extras/util/dot.lua , size = 1.398 KB
[15:10:38.975][info] [#0:script/workspace/loading.lua:112]: ++++As library of:	file:///home/keven/.local/share/nvim/lazy/LazyVim/lua
[15:10:38.976][info] [#0:script/workspace/loading.lua:100]: Preload file at: file:///home/keven/.local/share/nvim/lazy/LazyVim/lua/lazyvim/plugins/extras/util/startuptime.lua , size = 0.146 KB
[15:10:38.976][info] [#0:script/workspace/loading.lua:112]: ++++As library of:	file:///home/keven/.local/share/nvim/lazy/LazyVim/lua
[15:10:38.976][info] [#0:script/workspace/loading.lua:100]: Preload file at: file:///home/keven/.local/share/nvim/lazy/LazyVim/lua/lazyvim/plugins/extras/util/gh.lua , size = 2.351 KB
[15:10:38.979][info] [#0:script/workspace/loading.lua:112]: ++++As library of:	file:///home/keven/.local/share/nvim/lazy/LazyVim/lua
[15:10:38.979][info] [#0:script/workspace/loading.lua:100]: Preload file at: file:///home/keven/.local/share/nvim/lazy/LazyVim/lua/lazyvim/plugins/extras/util/mini-hipatterns.lua , size = 8.484 KB
[15:10:38.988][info] [#0:script/workspace/loading.lua:112]: ++++As library of:	file:///home/keven/.local/share/nvim/lazy/LazyVim/lua
[15:10:38.988][info] [#0:script/workspace/loading.lua:100]: Preload file at: file:///home/keven/.local/share/nvim/lazy/LazyVim/lua/lazyvim/plugins/extras/util/chezmoi.lua , size = 4.157 KB
[15:10:38.993][info] [#0:script/workspace/loading.lua:112]: ++++As library of:	file:///home/keven/.local/share/nvim/lazy/LazyVim/lua
[15:10:38.993][info] [#0:script/workspace/loading.lua:100]: Preload file at: file:///home/keven/.local/share/nvim/lazy/LazyVim/lua/lazyvim/plugins/extras/util/octo.lua , size = 2.985 KB
[15:10:38.997][info] [#0:script/workspace/loading.lua:112]: ++++As library of:	file:///home/keven/.local/share/nvim/lazy/LazyVim/lua
[15:10:38.997][info] [#0:script/workspace/loading.lua:100]: Preload file at: file:///home/keven/.local/share/nvim/lazy/LazyVim/lua/lazyvim/plugins/extras/util/project.lua , size = 4.759 KB
[15:10:39.018][info] [#0:script/workspace/loading.lua:112]: ++++As library of:	file:///home/keven/.local/share/nvim/lazy/LazyVim/lua
[15:10:39.018][info] [#0:script/workspace/loading.lua:100]: Preload file at: file:///home/keven/.local/share/nvim/lazy/LazyVim/lua/lazyvim/plugins/extras/linting/eslint.lua , size = 1.034 KB
[15:10:39.020][info] [#0:script/workspace/loading.lua:112]: ++++As library of:	file:///home/keven/.local/share/nvim/lazy/LazyVim/lua
[15:10:39.020][info] [#0:script/workspace/loading.lua:100]: Preload file at: file:///home/keven/.local/share/nvim/lazy/LazyVim/lua/lazyvim/plugins/extras/ai/avante.lua , size = 2.462 KB
[15:10:39.022][info] [#0:script/workspace/loading.lua:112]: ++++As library of:	file:///home/keven/.local/share/nvim/lazy/LazyVim/lua
[15:10:39.023][info] [#0:script/workspace/loading.lua:100]: Preload file at: file:///home/keven/.local/share/nvim/lazy/LazyVim/lua/lazyvim/plugins/extras/ai/claudecode.lua , size = 0.886 KB
[15:10:39.024][info] [#0:script/workspace/loading.lua:112]: ++++As library of:	file:///home/keven/.local/share/nvim/lazy/LazyVim/lua
[15:10:39.024][info] [#0:script/workspace/loading.lua:100]: Preload file at: file:///home/keven/.local/share/nvim/lazy/LazyVim/lua/lazyvim/plugins/extras/ai/codeium.lua , size = 1.620 KB
[15:10:39.025][info] [#0:script/workspace/loading.lua:112]: ++++As library of:	file:///home/keven/.local/share/nvim/lazy/LazyVim/lua
[15:10:39.025][info] [#0:script/workspace/loading.lua:100]: Preload file at: file:///home/keven/.local/share/nvim/lazy/LazyVim/lua/lazyvim/plugins/extras/ai/sidekick.lua , size = 4.253 KB
[15:10:39.029][info] [#0:script/workspace/loading.lua:112]: ++++As library of:	file:///home/keven/.local/share/nvim/lazy/LazyVim/lua
[15:10:39.029][info] [#0:script/workspace/loading.lua:100]: Preload file at: file:///home/keven/.local/share/nvim/lazy/LazyVim/lua/lazyvim/plugins/extras/ai/copilot-native.lua , size = 2.705 KB
[15:10:39.032][info] [#0:script/workspace/loading.lua:112]: ++++As library of:	file:///home/keven/.local/share/nvim/lazy/LazyVim/lua
[15:10:39.032][info] [#0:script/workspace/loading.lua:100]: Preload file at: file:///home/keven/.local/share/nvim/lazy/LazyVim/lua/lazyvim/plugins/extras/ai/supermaven.lua , size = 2.188 KB
[15:10:39.034][info] [#0:script/workspace/loading.lua:112]: ++++As library of:	file:///home/keven/.local/share/nvim/lazy/LazyVim/lua
[15:10:39.034][info] [#0:script/workspace/loading.lua:100]: Preload file at: file:///home/keven/.local/share/nvim/lazy/LazyVim/lua/lazyvim/plugins/extras/ai/copilot.lua , size = 3.398 KB
[15:10:39.036][info] [#0:script/workspace/loading.lua:112]: ++++As library of:	file:///home/keven/.local/share/nvim/lazy/LazyVim/lua
[15:10:39.037][info] [#0:script/workspace/loading.lua:100]: Preload file at: file:///home/keven/.local/share/nvim/lazy/LazyVim/lua/lazyvim/plugins/extras/ai/tabnine.lua , size = 1.509 KB
[15:10:39.038][info] [#0:script/workspace/loading.lua:112]: ++++As library of:	file:///home/keven/.local/share/nvim/lazy/LazyVim/lua
[15:10:39.038][info] [#0:script/workspace/loading.lua:100]: Preload file at: file:///home/keven/.local/share/nvim/lazy/LazyVim/lua/lazyvim/plugins/extras/ai/copilot-chat.lua , size = 2.546 KB
[15:10:39.041][info] [#0:script/workspace/loading.lua:112]: ++++As library of:	file:///home/keven/.local/share/nvim/lazy/LazyVim/lua
[15:10:39.041][info] [#0:script/workspace/loading.lua:100]: Preload file at: file:///home/keven/.local/share/nvim/lazy/LazyVim/lua/lazyvim/plugins/extras/vscode.lua , size = 2.303 KB
[15:10:39.044][info] [#0:script/workspace/loading.lua:112]: ++++As library of:	file:///home/keven/.local/share/nvim/lazy/LazyVim/lua
[15:10:39.044][info] [#0:script/workspace/loading.lua:100]: Preload file at: file:///home/keven/.local/share/nvim/lazy/LazyVim/lua/lazyvim/plugins/extras/test/core.lua , size = 4.968 KB
[15:10:39.048][info] [#0:script/workspace/loading.lua:112]: ++++As library of:	file:///home/keven/.local/share/nvim/lazy/LazyVim/lua
[15:10:39.048][info] [#0:script/workspace/loading.lua:100]: Preload file at: file:///home/keven/.local/share/nvim/lazy/LazyVim/lua/lazyvim/plugins/extras/lang/erlang.lua , size = 0.353 KB
[15:10:39.054][info] [#0:script/workspace/loading.lua:112]: ++++As library of:	file:///home/keven/.local/share/nvim/lazy/LazyVim/lua
[15:10:39.054][info] [#0:script/workspace/loading.lua:100]: Preload file at: file:///home/keven/.local/share/nvim/lazy/LazyVim/lua/lazyvim/plugins/extras/lang/docker.lua , size = 0.993 KB
[15:10:39.055][info] [#0:script/workspace/loading.lua:112]: ++++As library of:	file:///home/keven/.local/share/nvim/lazy/LazyVim/lua
[15:10:39.055][info] [#0:script/workspace/loading.lua:100]: Preload file at: file:///home/keven/.local/share/nvim/lazy/LazyVim/lua/lazyvim/plugins/extras/lang/toml.lua , size = 0.207 KB
[15:10:39.056][info] [#0:script/workspace/loading.lua:112]: ++++As library of:	file:///home/keven/.local/share/nvim/lazy/LazyVim/lua
[15:10:39.056][info] [#0:script/workspace/loading.lua:100]: Preload file at: file:///home/keven/.local/share/nvim/lazy/LazyVim/lua/lazyvim/plugins/extras/lang/zig.lua , size = 0.538 KB
[15:10:39.057][info] [#0:script/workspace/loading.lua:112]: ++++As library of:	file:///home/keven/.local/share/nvim/lazy/LazyVim/lua
[15:10:39.057][info] [#0:script/workspace/loading.lua:100]: Preload file at: file:///home/keven/.local/share/nvim/lazy/LazyVim/lua/lazyvim/plugins/extras/lang/java.lua , size = 10.279 KB
[15:10:39.064][info] [#0:script/workspace/loading.lua:112]: ++++As library of:	file:///home/keven/.local/share/nvim/lazy/LazyVim/lua
[15:10:39.064][info] [#0:script/workspace/loading.lua:100]: Preload file at: file:///home/keven/.local/share/nvim/lazy/LazyVim/lua/lazyvim/plugins/extras/lang/cmake.lua , size = 1.384 KB
[15:10:39.066][info] [#0:script/workspace/loading.lua:112]: ++++As library of:	file:///home/keven/.local/share/nvim/lazy/LazyVim/lua
[15:10:39.066][info] [#0:script/workspace/loading.lua:100]: Preload file at: file:///home/keven/.local/share/nvim/lazy/LazyVim/lua/lazyvim/plugins/extras/lang/dart.lua , size = 0.646 KB
[15:10:39.067][info] [#0:script/workspace/loading.lua:112]: ++++As library of:	file:///home/keven/.local/share/nvim/lazy/LazyVim/lua
[15:10:39.067][info] [#0:script/workspace/loading.lua:100]: Preload file at: file:///home/keven/.local/share/nvim/lazy/LazyVim/lua/lazyvim/plugins/extras/lang/nix.lua , size = 0.544 KB
[15:10:39.068][info] [#0:script/workspace/loading.lua:112]: ++++As library of:	file:///home/keven/.local/share/nvim/lazy/LazyVim/lua
[15:10:39.068][info] [#0:script/workspace/loading.lua:100]: Preload file at: file:///home/keven/.local/share/nvim/lazy/LazyVim/lua/lazyvim/plugins/extras/lang/gleam.lua , size = 0.404 KB
[15:10:39.068][info] [#0:script/workspace/loading.lua:112]: ++++As library of:	file:///home/keven/.local/share/nvim/lazy/LazyVim/lua
[15:10:39.068][info] [#0:script/workspace/loading.lua:100]: Preload file at: file:///home/keven/.local/share/nvim/lazy/LazyVim/lua/lazyvim/plugins/extras/lang/terraform.lua , size = 1.915 KB
[15:10:39.070][info] [#0:script/workspace/loading.lua:112]: ++++As library of:	file:///home/keven/.local/share/nvim/lazy/LazyVim/lua
[15:10:39.070][info] [#0:script/workspace/loading.lua:100]: Preload file at: file:///home/keven/.local/share/nvim/lazy/LazyVim/lua/lazyvim/plugins/extras/lang/scala.lua , size = 2.627 KB
[15:10:39.072][info] [#0:script/workspace/loading.lua:112]: ++++As library of:	file:///home/keven/.local/share/nvim/lazy/LazyVim/lua
[15:10:39.072][info] [#0:script/workspace/loading.lua:100]: Preload file at: file:///home/keven/.local/share/nvim/lazy/LazyVim/lua/lazyvim/plugins/extras/lang/nushell.lua , size = 0.242 KB
[15:10:39.073][info] [#0:script/workspace/loading.lua:112]: ++++As library of:	file:///home/keven/.local/share/nvim/lazy/LazyVim/lua
[15:10:39.073][info] [#0:script/workspace/loading.lua:100]: Preload file at: file:///home/keven/.local/share/nvim/lazy/LazyVim/lua/lazyvim/plugins/extras/lang/thrift.lua , size = 0.271 KB
[15:10:39.074][info] [#0:script/workspace/loading.lua:112]: ++++As library of:	file:///home/keven/.local/share/nvim/lazy/LazyVim/lua
[15:10:39.074][info] [#0:script/workspace/loading.lua:100]: Preload file at: file:///home/keven/.local/share/nvim/lazy/LazyVim/lua/lazyvim/plugins/extras/lang/elixir.lua , size = 2.505 KB
[15:10:39.076][info] [#0:script/workspace/loading.lua:112]: ++++As library of:	file:///home/keven/.local/share/nvim/lazy/LazyVim/lua
[15:10:39.076][info] [#0:script/workspace/loading.lua:100]: Preload file at: file:///home/keven/.local/share/nvim/lazy/LazyVim/lua/lazyvim/plugins/extras/lang/php.lua , size = 1.968 KB
[15:10:39.078][info] [#0:script/workspace/loading.lua:112]: ++++As library of:	file:///home/keven/.local/share/nvim/lazy/LazyVim/lua
[15:10:39.078][info] [#0:script/workspace/loading.lua:100]: Preload file at: file:///home/keven/.local/share/nvim/lazy/LazyVim/lua/lazyvim/plugins/extras/lang/prisma.lua , size = 0.314 KB
[15:10:39.079][info] [#0:script/workspace/loading.lua:112]: ++++As library of:	file:///home/keven/.local/share/nvim/lazy/LazyVim/lua
[15:10:39.079][info] [#0:script/workspace/loading.lua:100]: Preload file at: file:///home/keven/.local/share/nvim/lazy/LazyVim/lua/lazyvim/plugins/extras/lang/go.lua , size = 4.354 KB
[15:10:39.082][info] [#0:script/workspace/loading.lua:112]: ++++As library of:	file:///home/keven/.local/share/nvim/lazy/LazyVim/lua
[15:10:39.082][info] [#0:script/workspace/loading.lua:100]: Preload file at: file:///home/keven/.local/share/nvim/lazy/LazyVim/lua/lazyvim/plugins/extras/lang/julia.lua , size = 1.319 KB
[15:10:39.083][info] [#0:script/workspace/loading.lua:112]: ++++As library of:	file:///home/keven/.local/share/nvim/lazy/LazyVim/lua
[15:10:39.083][info] [#0:script/workspace/loading.lua:100]: Preload file at: file:///home/keven/.local/share/nvim/lazy/LazyVim/lua/lazyvim/plugins/extras/lang/tex.lua , size = 1.374 KB
[15:10:39.092][info] [#0:script/workspace/loading.lua:112]: ++++As library of:	file:///home/keven/.local/share/nvim/lazy/LazyVim/lua
[15:10:39.092][info] [#0:script/workspace/loading.lua:100]: Preload file at: file:///home/keven/.local/share/nvim/lazy/LazyVim/lua/lazyvim/plugins/extras/lang/vue.lua , size = 1.013 KB
[15:10:39.093][info] [#0:script/workspace/loading.lua:112]: ++++As library of:	file:///home/keven/.local/share/nvim/lazy/LazyVim/lua
[15:10:39.093][info] [#0:script/workspace/loading.lua:100]: Preload file at: file:///home/keven/.local/share/nvim/lazy/LazyVim/lua/lazyvim/plugins/extras/lang/twig.lua , size = 1.057 KB
[15:10:39.094][info] [#0:script/workspace/loading.lua:112]: ++++As library of:	file:///home/keven/.local/share/nvim/lazy/LazyVim/lua
[15:10:39.094][info] [#0:script/workspace/loading.lua:100]: Preload file at: file:///home/keven/.local/share/nvim/lazy/LazyVim/lua/lazyvim/plugins/extras/lang/kotlin.lua , size = 3.074 KB
[15:10:39.096][info] [#0:script/workspace/loading.lua:112]: ++++As library of:	file:///home/keven/.local/share/nvim/lazy/LazyVim/lua
[15:10:39.096][info] [#0:script/workspace/loading.lua:100]: Preload file at: file:///home/keven/.local/share/nvim/lazy/LazyVim/lua/lazyvim/plugins/extras/lang/elm.lua , size = 0.507 KB
[15:10:39.097][info] [#0:script/workspace/loading.lua:112]: ++++As library of:	file:///home/keven/.local/share/nvim/lazy/LazyVim/lua
[15:10:39.097][info] [#0:script/workspace/loading.lua:100]: Preload file at: file:///home/keven/.local/share/nvim/lazy/LazyVim/lua/lazyvim/plugins/extras/lang/yaml.lua , size = 1.602 KB
[15:10:39.098][info] [#0:script/workspace/loading.lua:112]: ++++As library of:	file:///home/keven/.local/share/nvim/lazy/LazyVim/lua
[15:10:39.098][info] [#0:script/workspace/loading.lua:100]: Preload file at: file:///home/keven/.local/share/nvim/lazy/LazyVim/lua/lazyvim/plugins/extras/lang/sql.lua , size = 4.774 KB
[15:10:39.102][info] [#0:script/workspace/loading.lua:112]: ++++As library of:	file:///home/keven/.local/share/nvim/lazy/LazyVim/lua
[15:10:39.102][info] [#0:script/workspace/loading.lua:100]: Preload file at: file:///home/keven/.local/share/nvim/lazy/LazyVim/lua/lazyvim/plugins/extras/lang/python.lua , size = 3.564 KB
[15:10:39.105][info] [#0:script/workspace/loading.lua:112]: ++++As library of:	file:///home/keven/.local/share/nvim/lazy/LazyVim/lua
[15:10:39.105][info] [#0:script/workspace/loading.lua:100]: Preload file at: file:///home/keven/.local/share/nvim/lazy/LazyVim/lua/lazyvim/plugins/extras/lang/ansible.lua , size = 0.632 KB
[15:10:39.106][info] [#0:script/workspace/loading.lua:112]: ++++As library of:	file:///home/keven/.local/share/nvim/lazy/LazyVim/lua
[15:10:39.106][info] [#0:script/workspace/loading.lua:100]: Preload file at: file:///home/keven/.local/share/nvim/lazy/LazyVim/lua/lazyvim/plugins/extras/lang/markdown.lua , size = 2.826 KB
[15:10:39.109][info] [#0:script/workspace/loading.lua:112]: ++++As library of:	file:///home/keven/.local/share/nvim/lazy/LazyVim/lua
[15:10:39.109][info] [#0:script/workspace/loading.lua:100]: Preload file at: file:///home/keven/.local/share/nvim/lazy/LazyVim/lua/lazyvim/plugins/extras/lang/ruby.lua , size = 2.090 KB
[15:10:39.110][info] [#0:script/workspace/loading.lua:112]: ++++As library of:	file:///home/keven/.local/share/nvim/lazy/LazyVim/lua
[15:10:39.111][info] [#0:script/workspace/loading.lua:100]: Preload file at: file:///home/keven/.local/share/nvim/lazy/LazyVim/lua/lazyvim/plugins/extras/lang/lean.lua , size = 4.225 KB
[15:10:39.112][info] [#0:script/workspace/loading.lua:112]: ++++As library of:	file:///home/keven/.local/share/nvim/lazy/LazyVim/lua
[15:10:39.112][info] [#0:script/workspace/loading.lua:100]: Preload file at: file:///home/keven/.local/share/nvim/lazy/LazyVim/lua/lazyvim/plugins/extras/lang/clojure.lua , size = 2.853 KB
[15:10:39.115][info] [#0:script/workspace/loading.lua:112]: ++++As library of:	file:///home/keven/.local/share/nvim/lazy/LazyVim/lua
[15:10:39.115][info] [#0:script/workspace/loading.lua:100]: Preload file at: file:///home/keven/.local/share/nvim/lazy/LazyVim/lua/lazyvim/plugins/extras/lang/ocaml.lua , size = 1.064 KB
[15:10:39.116][info] [#0:script/workspace/loading.lua:112]: ++++As library of:	file:///home/keven/.local/share/nvim/lazy/LazyVim/lua
[15:10:39.116][info] [#0:script/workspace/loading.lua:100]: Preload file at: file:///home/keven/.local/share/nvim/lazy/LazyVim/lua/lazyvim/plugins/extras/lang/typst.lua , size = 1.633 KB
[15:10:39.117][info] [#0:script/workspace/loading.lua:112]: ++++As library of:	file:///home/keven/.local/share/nvim/lazy/LazyVim/lua
[15:10:39.117][info] [#0:script/workspace/loading.lua:100]: Preload file at: file:///home/keven/.local/share/nvim/lazy/LazyVim/lua/lazyvim/plugins/extras/lang/clangd.lua , size = 4.243 KB
[15:10:39.127][info] [#0:script/workspace/loading.lua:112]: ++++As library of:	file:///home/keven/.local/share/nvim/lazy/LazyVim/lua
[15:10:39.127][info] [#0:script/workspace/loading.lua:100]: Preload file at: file:///home/keven/.local/share/nvim/lazy/LazyVim/lua/lazyvim/plugins/extras/lang/svelte.lua , size = 1.379 KB
[15:10:39.129][info] [#0:script/workspace/loading.lua:112]: ++++As library of:	file:///home/keven/.local/share/nvim/lazy/LazyVim/lua
[15:10:39.129][info] [#0:script/workspace/loading.lua:100]: Preload file at: file:///home/keven/.local/share/nvim/lazy/LazyVim/lua/lazyvim/plugins/extras/lang/helm.lua , size = 0.372 KB
[15:10:39.129][info] [#0:script/workspace/loading.lua:112]: ++++As library of:	file:///home/keven/.local/share/nvim/lazy/LazyVim/lua
[15:10:39.129][info] [#0:script/workspace/loading.lua:100]: Preload file at: file:///home/keven/.local/share/nvim/lazy/LazyVim/lua/lazyvim/plugins/extras/lang/ember.lua , size = 0.709 KB
[15:10:39.130][info] [#0:script/workspace/loading.lua:112]: ++++As library of:	file:///home/keven/.local/share/nvim/lazy/LazyVim/lua
[15:10:39.130][info] [#0:script/workspace/loading.lua:100]: Preload file at: file:///home/keven/.local/share/nvim/lazy/LazyVim/lua/lazyvim/plugins/extras/lang/rust.lua , size = 4.075 KB
[15:10:39.134][info] [#0:script/workspace/loading.lua:112]: ++++As library of:	file:///home/keven/.local/share/nvim/lazy/LazyVim/lua
[15:10:39.134][info] [#0:script/workspace/loading.lua:100]: Preload file at: file:///home/keven/.local/share/nvim/lazy/LazyVim/lua/lazyvim/plugins/extras/lang/r.lua , size = 2.422 KB
[15:10:39.136][info] [#0:script/workspace/loading.lua:112]: ++++As library of:	file:///home/keven/.local/share/nvim/lazy/LazyVim/lua
[15:10:39.136][info] [#0:script/workspace/loading.lua:100]: Preload file at: file:///home/keven/.local/share/nvim/lazy/LazyVim/lua/lazyvim/plugins/extras/lang/tailwind.lua , size = 2.246 KB
[15:10:39.138][info] [#0:script/workspace/loading.lua:112]: ++++As library of:	file:///home/keven/.local/share/nvim/lazy/LazyVim/lua
[15:10:39.138][info] [#0:script/workspace/loading.lua:100]: Preload file at: file:///home/keven/.local/share/nvim/lazy/LazyVim/lua/lazyvim/plugins/extras/lang/astro.lua , size = 1.289 KB
[15:10:39.140][info] [#0:script/workspace/loading.lua:112]: ++++As library of:	file:///home/keven/.local/share/nvim/lazy/LazyVim/lua
[15:10:39.140][info] [#0:script/workspace/loading.lua:100]: Preload file at: file:///home/keven/.local/share/nvim/lazy/LazyVim/lua/lazyvim/plugins/extras/lang/solidity.lua , size = 0.674 KB
[15:10:39.140][info] [#0:script/workspace/loading.lua:112]: ++++As library of:	file:///home/keven/.local/share/nvim/lazy/LazyVim/lua
[15:10:39.140][info] [#0:script/workspace/loading.lua:100]: Preload file at: file:///home/keven/.local/share/nvim/lazy/LazyVim/lua/lazyvim/plugins/extras/lang/json.lua , size = 1.062 KB
[15:10:39.141][info] [#0:script/workspace/loading.lua:112]: ++++As library of:	file:///home/keven/.local/share/nvim/lazy/LazyVim/lua
[15:10:39.141][info] [#0:script/workspace/loading.lua:100]: Preload file at: file:///home/keven/.local/share/nvim/lazy/LazyVim/lua/lazyvim/plugins/extras/lang/haskell.lua , size = 3.080 KB
[15:10:39.144][info] [#0:script/workspace/loading.lua:112]: ++++As library of:	file:///home/keven/.local/share/nvim/lazy/LazyVim/lua
[15:10:39.144][info] [#0:script/workspace/loading.lua:100]: Preload file at: file:///home/keven/.local/share/nvim/lazy/LazyVim/lua/lazyvim/plugins/extras/lang/dotnet.lua , size = 3.011 KB
[15:10:39.146][info] [#0:script/workspace/loading.lua:112]: ++++As library of:	file:///home/keven/.local/share/nvim/lazy/LazyVim/lua
[15:10:39.146][info] [#0:script/workspace/loading.lua:100]: Preload file at: file:///home/keven/.local/share/nvim/lazy/LazyVim/lua/lazyvim/plugins/extras/lang/typescript.lua , size = 11.310 KB
[15:10:39.153][info] [#0:script/workspace/loading.lua:112]: ++++As library of:	file:///home/keven/.local/share/nvim/lazy/LazyVim/lua
[15:10:39.153][info] [#0:script/workspace/loading.lua:100]: Preload file at: file:///home/keven/.local/share/nvim/lazy/LazyVim/lua/lazyvim/plugins/extras/lang/git.lua , size = 0.560 KB
[15:10:39.154][info] [#0:script/workspace/loading.lua:112]: ++++As library of:	file:///home/keven/.local/share/nvim/lazy/LazyVim/lua
[15:10:39.154][info] [#0:script/workspace/loading.lua:100]: Preload file at: file:///home/keven/.local/share/nvim/lazy/LazyVim/lua/lazyvim/plugins/extras/lang/angular.lua , size = 1.806 KB
[15:10:39.156][info] [#0:script/workspace/loading.lua:112]: ++++As library of:	file:///home/keven/.local/share/nvim/lazy/LazyVim/lua
[15:10:39.156][info] [#0:script/workspace/loading.lua:100]: Preload file at: file:///home/keven/.local/share/nvim/lazy/LazyVim/lua/lazyvim/plugins/extras/lang/rego.lua , size = 0.275 KB
[15:10:39.156][info] [#0:script/workspace/loading.lua:112]: ++++As library of:	file:///home/keven/.local/share/nvim/lazy/LazyVim/lua
[15:10:39.156][info] [#0:script/workspace/loading.lua:100]: Preload file at: file:///home/keven/.local/share/nvim/lazy/LazyVim/lua/lazyvim/plugins/extras/coding/nvim-cmp.lua , size = 3.845 KB
[15:10:39.166][info] [#0:script/workspace/loading.lua:112]: ++++As library of:	file:///home/keven/.local/share/nvim/lazy/LazyVim/lua
[15:10:39.166][info] [#0:script/workspace/loading.lua:100]: Preload file at: file:///home/keven/.local/share/nvim/lazy/LazyVim/lua/lazyvim/plugins/extras/coding/yanky.lua , size = 2.212 KB
[15:10:39.167][info] [#0:script/workspace/loading.lua:112]: ++++As library of:	file:///home/keven/.local/share/nvim/lazy/LazyVim/lua
[15:10:39.167][info] [#0:script/workspace/loading.lua:100]: Preload file at: file:///home/keven/.local/share/nvim/lazy/LazyVim/lua/lazyvim/plugins/extras/coding/mini-comment.lua , size = 0.405 KB
[15:10:39.168][info] [#0:script/workspace/loading.lua:112]: ++++As library of:	file:///home/keven/.local/share/nvim/lazy/LazyVim/lua
[15:10:39.168][info] [#0:script/workspace/loading.lua:100]: Preload file at: file:///home/keven/.local/share/nvim/lazy/LazyVim/lua/lazyvim/plugins/extras/coding/luasnip.lua , size = 1.955 KB
[15:10:39.170][info] [#0:script/workspace/loading.lua:112]: ++++As library of:	file:///home/keven/.local/share/nvim/lazy/LazyVim/lua
[15:10:39.170][info] [#0:script/workspace/loading.lua:100]: Preload file at: file:///home/keven/.local/share/nvim/lazy/LazyVim/lua/lazyvim/plugins/extras/coding/blink.lua , size = 6.137 KB
[15:10:39.175][info] [#0:script/workspace/loading.lua:112]: ++++As library of:	file:///home/keven/.local/share/nvim/lazy/LazyVim/lua
[15:10:39.175][info] [#0:script/workspace/loading.lua:100]: Preload file at: file:///home/keven/.local/share/nvim/lazy/LazyVim/lua/lazyvim/plugins/extras/coding/mini-snippets.lua , size = 5.800 KB
[15:10:39.179][info] [#0:script/workspace/loading.lua:112]: ++++As library of:	file:///home/keven/.local/share/nvim/lazy/LazyVim/lua
[15:10:39.179][info] [#0:script/workspace/loading.lua:100]: Preload file at: file:///home/keven/.local/share/nvim/lazy/LazyVim/lua/lazyvim/plugins/extras/coding/neogen.lua , size = 0.730 KB
[15:10:39.180][info] [#0:script/workspace/loading.lua:112]: ++++As library of:	file:///home/keven/.local/share/nvim/lazy/LazyVim/lua
[15:10:39.192][info] [#0:script/workspace/loading.lua:100]: Preload file at: file:///home/keven/.local/share/nvim/lazy/LazyVim/lua/lazyvim/plugins/extras/coding/mini-surround.lua , size = 1.419 KB
[15:10:39.193][info] [#0:script/workspace/loading.lua:112]: ++++As library of:	file:///home/keven/.local/share/nvim/lazy/LazyVim/lua
[15:10:39.194][info] [#0:script/workspace/loading.lua:100]: Preload file at: file:///home/keven/.local/share/nvim/lazy/LazyVim/lua/lazyvim/plugins/extras/ui/mini-starter.lua , size = 3.729 KB
[15:10:39.196][info] [#0:script/workspace/loading.lua:112]: ++++As library of:	file:///home/keven/.local/share/nvim/lazy/LazyVim/lua
[15:10:39.196][info] [#0:script/workspace/loading.lua:100]: Preload file at: file:///home/keven/.local/share/nvim/lazy/LazyVim/lua/lazyvim/plugins/extras/ui/treesitter-context.lua , size = 0.464 KB
[15:10:39.197][info] [#0:script/workspace/loading.lua:112]: ++++As library of:	file:///home/keven/.local/share/nvim/lazy/LazyVim/lua
[15:10:39.197][info] [#0:script/workspace/loading.lua:100]: Preload file at: file:///home/keven/.local/share/nvim/lazy/LazyVim/lua/lazyvim/plugins/extras/ui/mini-indentscope.lua , size = 1.561 KB
[15:10:39.198][info] [#0:script/workspace/loading.lua:112]: ++++As library of:	file:///home/keven/.local/share/nvim/lazy/LazyVim/lua
[15:10:39.198][info] [#0:script/workspace/loading.lua:100]: Preload file at: file:///home/keven/.local/share/nvim/lazy/LazyVim/lua/lazyvim/plugins/extras/ui/indent-blankline.lua , size = 1.115 KB
[15:10:39.199][info] [#0:script/workspace/loading.lua:112]: ++++As library of:	file:///home/keven/.local/share/nvim/lazy/LazyVim/lua
[15:10:39.199][info] [#0:script/workspace/loading.lua:100]: Preload file at: file:///home/keven/.local/share/nvim/lazy/LazyVim/lua/lazyvim/plugins/extras/ui/edgy.lua , size = 5.924 KB
[15:10:39.211][info] [#0:script/workspace/loading.lua:112]: ++++As library of:	file:///home/keven/.local/share/nvim/lazy/LazyVim/lua
[15:10:39.211][info] [#0:script/workspace/loading.lua:100]: Preload file at: file:///home/keven/.local/share/nvim/lazy/LazyVim/lua/lazyvim/plugins/extras/ui/mini-animate.lua , size = 1.983 KB
[15:10:39.213][info] [#0:script/workspace/loading.lua:112]: ++++As library of:	file:///home/keven/.local/share/nvim/lazy/LazyVim/lua
[15:10:39.213][info] [#0:script/workspace/loading.lua:100]: Preload file at: file:///home/keven/.local/share/nvim/lazy/LazyVim/lua/lazyvim/plugins/extras/ui/smear-cursor.lua , size = 0.388 KB
[15:10:39.213][info] [#0:script/workspace/loading.lua:112]: ++++As library of:	file:///home/keven/.local/share/nvim/lazy/LazyVim/lua
[15:10:39.214][info] [#0:script/workspace/loading.lua:100]: Preload file at: file:///home/keven/.local/share/nvim/lazy/LazyVim/lua/lazyvim/plugins/extras/ui/alpha.lua , size = 3.605 KB
[15:10:39.216][info] [#0:script/workspace/loading.lua:112]: ++++As library of:	file:///home/keven/.local/share/nvim/lazy/LazyVim/lua
[15:10:39.216][info] [#0:script/workspace/loading.lua:100]: Preload file at: file:///home/keven/.local/share/nvim/lazy/LazyVim/lua/lazyvim/plugins/extras/ui/dashboard-nvim.lua , size = 3.694 KB
[15:10:39.218][info] [#0:script/workspace/loading.lua:112]: ++++As library of:	file:///home/keven/.local/share/nvim/lazy/LazyVim/lua
[15:10:39.218][info] [#0:script/workspace/loading.lua:100]: Preload file at: file:///home/keven/.local/share/nvim/lazy/LazyVim/lua/lazyvim/plugins/extras/lsp/none-ls.lua , size = 1.348 KB
[15:10:39.220][info] [#0:script/workspace/loading.lua:112]: ++++As library of:	file:///home/keven/.local/share/nvim/lazy/LazyVim/lua
[15:10:39.220][info] [#0:script/workspace/loading.lua:100]: Preload file at: file:///home/keven/.local/share/nvim/lazy/LazyVim/lua/lazyvim/plugins/extras/lsp/neoconf.lua , size = 0.164 KB
[15:10:39.221][info] [#0:script/workspace/loading.lua:112]: ++++As library of:	file:///home/keven/.local/share/nvim/lazy/LazyVim/lua
[15:10:39.221][info] [#0:script/workspace/loading.lua:100]: Preload file at: file:///home/keven/.local/share/nvim/lazy/LazyVim/lua/lazyvim/plugins/extras/formatting/prettier.lua , size = 2.484 KB
[15:10:39.223][info] [#0:script/workspace/loading.lua:112]: ++++As library of:	file:///home/keven/.local/share/nvim/lazy/LazyVim/lua
[15:10:39.223][info] [#0:script/workspace/loading.lua:100]: Preload file at: file:///home/keven/.local/share/nvim/lazy/LazyVim/lua/lazyvim/plugins/extras/formatting/biome.lua , size = 1.235 KB
[15:10:39.225][info] [#0:script/workspace/loading.lua:112]: ++++As library of:	file:///home/keven/.local/share/nvim/lazy/LazyVim/lua
[15:10:39.225][info] [#0:script/workspace/loading.lua:100]: Preload file at: file:///home/keven/.local/share/nvim/lazy/LazyVim/lua/lazyvim/plugins/extras/formatting/black.lua , size = 0.513 KB
[15:10:39.225][info] [#0:script/workspace/loading.lua:112]: ++++As library of:	file:///home/keven/.local/share/nvim/lazy/LazyVim/lua
[15:10:39.225][info] [#0:script/workspace/loading.lua:100]: Preload file at: file:///home/keven/.local/share/nvim/lazy/LazyVim/lua/lazyvim/plugins/extras/dap/core.lua , size = 5.029 KB
[15:10:39.230][info] [#0:script/workspace/loading.lua:112]: ++++As library of:	file:///home/keven/.local/share/nvim/lazy/LazyVim/lua
[15:10:39.230][info] [#0:script/workspace/loading.lua:100]: Preload file at: file:///home/keven/.local/share/nvim/lazy/LazyVim/lua/lazyvim/plugins/extras/dap/nlua.lua , size = 1.084 KB
[15:10:39.231][info] [#0:script/workspace/loading.lua:112]: ++++As library of:	file:///home/keven/.local/share/nvim/lazy/LazyVim/lua
[15:10:39.231][info] [#0:script/workspace/loading.lua:100]: Preload file at: file:///home/keven/.local/share/nvim/lazy/LazyVim/lua/lazyvim/plugins/coding.lua , size = 2.967 KB
[15:10:39.233][info] [#0:script/workspace/loading.lua:112]: ++++As library of:	file:///home/keven/.local/share/nvim/lazy/LazyVim/lua
[15:10:39.233][info] [#0:script/workspace/loading.lua:100]: Preload file at: file:///home/keven/.local/share/nvim/lazy/LazyVim/lua/lazyvim/plugins/lsp/keymaps.lua , size = 1.764 KB
[15:10:39.236][info] [#0:script/workspace/loading.lua:112]: ++++As library of:	file:///home/keven/.local/share/nvim/lazy/LazyVim/lua
[15:10:39.236][info] [#0:script/workspace/loading.lua:100]: Preload file at: file:///home/keven/.local/share/nvim/lazy/LazyVim/lua/lazyvim/plugins/lsp/init.lua , size = 11.966 KB
[15:10:39.253][info] [#0:script/workspace/loading.lua:112]: ++++As library of:	file:///home/keven/.local/share/nvim/lazy/LazyVim/lua
[15:10:39.253][info] [#0:script/workspace/loading.lua:100]: Preload file at: file:///home/keven/.local/share/nvim/lazy/LazyVim/lua/lazyvim/plugins/editor.lua , size = 8.971 KB
[15:10:39.260][info] [#0:script/workspace/loading.lua:112]: ++++As library of:	file:///home/keven/.local/share/nvim/lazy/LazyVim/lua
[15:10:39.260][info] [#0:script/workspace/loading.lua:100]: Preload file at: file:///home/keven/.local/share/nvim/lazy/LazyVim/lua/lazyvim/plugins/xtras.lua , size = 2.148 KB
[15:10:39.262][info] [#0:script/workspace/loading.lua:112]: ++++As library of:	file:///home/keven/.local/share/nvim/lazy/LazyVim/lua
[15:10:39.263][info] [#0:script/workspace/loading.lua:100]: Preload file at: file:///home/keven/.local/share/nvim/lazy/LazyVim/lua/lazyvim/plugins/init.lua , size = 0.918 KB
[15:10:39.264][info] [#0:script/workspace/loading.lua:112]: ++++As library of:	file:///home/keven/.local/share/nvim/lazy/LazyVim/lua
[15:10:39.264][info] [#0:script/workspace/loading.lua:100]: Preload file at: file:///home/keven/.local/share/nvim/lazy/LazyVim/lua/lazyvim/config/options.lua , size = 4.426 KB
[15:10:39.267][info] [#0:script/workspace/loading.lua:112]: ++++As library of:	file:///home/keven/.local/share/nvim/lazy/LazyVim/lua
[15:10:39.267][info] [#0:script/workspace/loading.lua:100]: Preload file at: file:///home/keven/.local/share/nvim/lazy/LazyVim/lua/lazyvim/config/autocmds.lua , size = 3.310 KB
[15:10:39.271][info] [#0:script/workspace/loading.lua:112]: ++++As library of:	file:///home/keven/.local/share/nvim/lazy/LazyVim/lua
[15:10:39.271][info] [#0:script/workspace/loading.lua:100]: Preload file at: file:///home/keven/.local/share/nvim/lazy/LazyVim/lua/lazyvim/config/keymaps.lua , size = 9.597 KB
[15:10:39.287][info] [#0:script/workspace/loading.lua:112]: ++++As library of:	file:///home/keven/.local/share/nvim/lazy/LazyVim/lua
[15:10:39.287][info] [#0:script/workspace/loading.lua:100]: Preload file at: file:///home/keven/.local/share/nvim/lazy/LazyVim/lua/lazyvim/config/init.lua , size = 11.681 KB
[15:10:39.297][info] [#0:script/workspace/loading.lua:112]: ++++As library of:	file:///home/keven/.local/share/nvim/lazy/LazyVim/lua
[15:10:39.297][info] [#0:script/workspace/loading.lua:88]: Skip loaded file: file:///home/keven/dotfiles/nvim/.config/nvim/lua/config/options.lua
[15:10:39.298][info] [#0:script/workspace/loading.lua:112]: ++++As library of:	file:///home/keven/dotfiles/nvim/.config/nvim/lua
[15:10:39.298][info] [#0:script/workspace/loading.lua:100]: Preload file at: file:///home/keven/.local/share/nvim/lazy/LazyVim/lua/lazyvim/types.lua , size = 0.644 KB
[15:10:39.299][info] [#0:script/workspace/loading.lua:112]: ++++As library of:	file:///home/keven/.local/share/nvim/lazy/LazyVim/lua
[15:10:39.299][info] [#0:script/workspace/loading.lua:100]: Preload file at: file:///home/keven/.local/share/nvim/lazy/LazyVim/lua/lazyvim/init.lua , size = 0.146 KB
[15:10:39.299][info] [#0:script/workspace/loading.lua:112]: ++++As library of:	file:///home/keven/.local/share/nvim/lazy/LazyVim/lua
[15:10:39.299][info] [#0:script/workspace/loading.lua:100]: Preload file at: file:///home/keven/.local/share/nvim/mason/packages/lua-language-server/libexec/meta/LuaJIT%20en-us%20utf8/table.lua , size = 5.020 KB
[15:10:39.305][info] [#0:script/workspace/loading.lua:112]: ++++As library of:	file:///home/keven/.local/share/nvim/mason/packages/lua-language-server/libexec/meta/LuaJIT%20en-us%20utf8/table.lua
[15:10:39.305][info] [#0:script/workspace/loading.lua:100]: Preload file at: file:///home/keven/dotfiles/nvim/.config/nvim/lua/plugins/colorscheme.lua , size = 0.169 KB
[15:10:39.305][info] [#0:script/workspace/loading.lua:112]: ++++As library of:	file:///home/keven/dotfiles/nvim/.config/nvim/lua
[15:10:39.305][info] [#0:script/workspace/loading.lua:100]: Preload file at: file:///home/keven/dotfiles/nvim/.config/nvim/lua/config/autocmds.lua , size = 0.414 KB
[15:10:39.306][info] [#0:script/workspace/loading.lua:112]: ++++As library of:	file:///home/keven/dotfiles/nvim/.config/nvim/lua
[15:10:39.306][info] [#0:script/workspace/loading.lua:100]: Preload file at: file:///home/keven/dotfiles/nvim/.config/nvim/lua/config/keymaps.lua , size = 0.638 KB
[15:10:39.306][info] [#0:script/workspace/loading.lua:112]: ++++As library of:	file:///home/keven/dotfiles/nvim/.config/nvim/lua
[15:10:39.306][info] [#0:script/workspace/loading.lua:100]: Preload file at: file:///home/keven/dotfiles/nvim/.config/nvim/lua/config/lazy.lua , size = 1.755 KB
[15:10:39.308][info] [#0:script/workspace/loading.lua:112]: ++++As library of:	file:///home/keven/dotfiles/nvim/.config/nvim/lua
[15:10:39.308][info] [#0:script/workspace/loading.lua:100]: Preload file at: file:///home/keven/.local/share/nvim/mason/packages/lua-language-server/libexec/meta/LuaJIT%20en-us%20utf8/os.lua , size = 5.611 KB
[15:10:39.312][info] [#0:script/workspace/loading.lua:112]: ++++As library of:	file:///home/keven/.local/share/nvim/mason/packages/lua-language-server/libexec/meta/LuaJIT%20en-us%20utf8/os.lua
[15:10:39.312][info] [#0:script/workspace/loading.lua:100]: Preload file at: file:///home/keven/.local/share/nvim/mason/packages/lua-language-server/libexec/meta/LuaJIT%20en-us%20utf8/jit/profile.lua , size = 0.348 KB
[15:10:39.319][info] [#0:script/workspace/loading.lua:112]: ++++As library of:	file:///home/keven/.local/share/nvim/mason/packages/lua-language-server/libexec/meta/LuaJIT%20en-us%20utf8/jit/profile.lua
[15:10:39.319][info] [#0:script/workspace/loading.lua:100]: Preload file at: file:///home/keven/.local/share/nvim/mason/packages/lua-language-server/libexec/meta/LuaJIT%20en-us%20utf8/table/clear.lua , size = 0.797 KB
[15:10:39.320][info] [#0:script/workspace/loading.lua:112]: ++++As library of:	file:///home/keven/.local/share/nvim/mason/packages/lua-language-server/libexec/meta/LuaJIT%20en-us%20utf8/table/clear.lua
[15:10:39.320][info] [#0:script/workspace/loading.lua:100]: Preload file at: file:///home/keven/.local/share/nvim/mason/packages/lua-language-server/libexec/meta/LuaJIT%20en-us%20utf8/debug.lua , size = 7.310 KB
[15:10:39.327][info] [#0:script/workspace/loading.lua:112]: ++++As library of:	file:///home/keven/.local/share/nvim/mason/packages/lua-language-server/libexec/meta/LuaJIT%20en-us%20utf8/debug.lua
[15:10:39.327][info] [#0:script/workspace/loading.lua:100]: Preload file at: file:///home/keven/.local/share/nvim/mason/packages/lua-language-server/libexec/meta/LuaJIT%20en-us%20utf8/basic.lua , size = 16.126 KB
[15:10:39.339][info] [#0:script/workspace/loading.lua:112]: ++++As library of:	file:///home/keven/.local/share/nvim/mason/packages/lua-language-server/libexec/meta/LuaJIT%20en-us%20utf8/basic.lua
[15:10:39.339][info] [#0:script/workspace/loading.lua:100]: Preload file at: file:///home/keven/.local/share/nvim/mason/packages/lua-language-server/libexec/meta/LuaJIT%20en-us%20utf8/io.lua , size = 6.364 KB
[15:10:39.350][info] [#0:script/workspace/loading.lua:112]: ++++As library of:	file:///home/keven/.local/share/nvim/mason/packages/lua-language-server/libexec/meta/LuaJIT%20en-us%20utf8/io.lua
[15:10:39.350][info] [#0:script/workspace/loading.lua:100]: Preload file at: file:///usr/local/share/nvim/runtime/lua/jit/dis_mips64.lua , size = 0.689 KB
[15:10:39.351][info] [#0:script/workspace/loading.lua:112]: ++++As library of:	file:///usr/local/share/nvim/runtime/lua
[15:10:39.351][info] [#0:script/workspace/loading.lua:100]: Preload file at: file:///usr/local/share/nvim/runtime/lua/jit/dis_arm64be.lua , size = 0.604 KB
[15:10:39.351][info] [#0:script/workspace/loading.lua:112]: ++++As library of:	file:///usr/local/share/nvim/runtime/lua
[15:10:39.351][info] [#0:script/workspace/loading.lua:100]: Preload file at: file:///usr/local/share/nvim/runtime/lua/jit/dump.lua , size = 20.269 KB
[15:10:39.374][info] [#0:script/workspace/loading.lua:112]: ++++As library of:	file:///usr/local/share/nvim/runtime/lua
[15:10:39.375][info] [#0:script/workspace/loading.lua:100]: Preload file at: file:///usr/local/share/nvim/runtime/lua/jit/dis_x64.lua , size = 0.695 KB
[15:10:39.375][info] [#0:script/workspace/loading.lua:112]: ++++As library of:	file:///usr/local/share/nvim/runtime/lua
[15:10:39.375][info] [#0:script/workspace/loading.lua:100]: Preload file at: file:///usr/local/share/nvim/runtime/lua/jit/dis_mips64r6.lua , size = 0.700 KB
[15:10:39.376][info] [#0:script/workspace/loading.lua:112]: ++++As library of:	file:///usr/local/share/nvim/runtime/lua
[15:10:39.376][info] [#0:script/workspace/loading.lua:100]: Preload file at: file:///usr/local/share/nvim/runtime/lua/jit/zone.lua , size = 0.979 KB
[15:10:39.377][info] [#0:script/workspace/loading.lua:112]: ++++As library of:	file:///usr/local/share/nvim/runtime/lua
[15:10:39.377][info] [#0:script/workspace/loading.lua:100]: Preload file at: file:///usr/local/share/nvim/runtime/lua/jit/dis_arm64.lua , size = 29.971 KB
[15:10:39.418][info] [#0:script/workspace/loading.lua:112]: ++++As library of:	file:///usr/local/share/nvim/runtime/lua
[15:10:39.418][info] [#0:script/workspace/loading.lua:100]: Preload file at: file:///usr/local/share/nvim/runtime/lua/jit/v.lua , size = 5.731 KB
[15:10:39.428][info] [#0:script/workspace/loading.lua:112]: ++++As library of:	file:///usr/local/share/nvim/runtime/lua
[15:10:39.428][info] [#0:script/workspace/loading.lua:100]: Preload file at: file:///usr/local/share/nvim/runtime/lua/jit/p.lua , size = 8.874 KB
[15:10:39.446][info] [#0:script/workspace/loading.lua:112]: ++++As library of:	file:///usr/local/share/nvim/runtime/lua
[15:10:39.447][info] [#0:script/workspace/loading.lua:100]: Preload file at: file:///usr/local/share/nvim/runtime/lua/jit/dis_mips64r6el.lua , size = 0.711 KB
[15:10:39.448][info] [#0:script/workspace/loading.lua:112]: ++++As library of:	file:///usr/local/share/nvim/runtime/lua
[15:10:39.448][info] [#0:script/workspace/loading.lua:100]: Preload file at: file:///usr/local/share/nvim/runtime/lua/jit/dis_ppc.lua , size = 19.825 KB
[15:10:39.473][info] [#0:script/workspace/loading.lua:112]: ++++As library of:	file:///usr/local/share/nvim/runtime/lua
[15:10:39.474][info] [#0:script/workspace/loading.lua:100]: Preload file at: file:///usr/local/share/nvim/runtime/lua/jit/dis_x86.lua , size = 33.033 KB
[15:10:39.515][info] [#0:script/workspace/loading.lua:112]: ++++As library of:	file:///usr/local/share/nvim/runtime/lua
[15:10:39.515][info] [#0:script/workspace/loading.lua:100]: Preload file at: file:///usr/local/share/nvim/runtime/lua/jit/vmdef.lua , size = 7.920 KB
[15:10:39.521][info] [#0:script/workspace/loading.lua:112]: ++++As library of:	file:///usr/local/share/nvim/runtime/lua
[15:10:39.521][info] [#0:script/workspace/loading.lua:100]: Preload file at: file:///usr/local/share/nvim/runtime/lua/jit/dis_arm.lua , size = 18.891 KB
[15:10:39.547][info] [#0:script/workspace/loading.lua:112]: ++++As library of:	file:///usr/local/share/nvim/runtime/lua
[15:10:39.547][info] [#0:script/workspace/loading.lua:100]: Preload file at: file:///usr/local/share/nvim/runtime/lua/jit/bcsave.lua , size = 17.090 KB
[15:10:39.569][info] [#0:script/workspace/loading.lua:112]: ++++As library of:	file:///usr/local/share/nvim/runtime/lua
[15:10:39.569][info] [#0:script/workspace/loading.lua:100]: Preload file at: file:///usr/local/share/nvim/runtime/lua/jit/bc.lua , size = 5.417 KB
[15:10:39.576][info] [#0:script/workspace/loading.lua:112]: ++++As library of:	file:///usr/local/share/nvim/runtime/lua
[15:10:39.576][info] [#0:script/workspace/loading.lua:100]: Preload file at: file:///usr/local/share/nvim/runtime/lua/jit/dis_mips64el.lua , size = 0.700 KB
[15:10:39.577][info] [#0:script/workspace/loading.lua:112]: ++++As library of:	file:///usr/local/share/nvim/runtime/lua
[15:10:39.577][info] [#0:script/workspace/loading.lua:100]: Preload file at: file:///usr/local/share/nvim/runtime/lua/jit/dis_mips.lua , size = 21.494 KB
[15:10:39.602][info] [#0:script/workspace/loading.lua:112]: ++++As library of:	file:///usr/local/share/nvim/runtime/lua
[15:10:39.602][info] [#0:script/workspace/loading.lua:100]: Preload file at: file:///usr/local/share/nvim/runtime/lua/jit/dis_mipsel.lua , size = 0.698 KB
[15:10:39.604][info] [#0:script/workspace/loading.lua:112]: ++++As library of:	file:///usr/local/share/nvim/runtime/lua
[15:10:39.604][info] [#0:script/workspace/loading.lua:100]: Preload file at: file:///usr/local/share/nvim/runtime/lua/man.lua , size = 23.335 KB
[15:10:39.631][info] [#0:script/workspace/loading.lua:112]: ++++As library of:	file:///usr/local/share/nvim/runtime/lua
[15:10:39.632][info] [#0:script/workspace/loading.lua:100]: Preload file at: file:///usr/local/share/nvim/runtime/lua/vim/F.lua , size = 1.076 KB
[15:10:39.634][info] [#0:script/workspace/loading.lua:112]: ++++As library of:	file:///usr/local/share/nvim/runtime/lua
[15:10:39.634][info] [#0:script/workspace/loading.lua:100]: Preload file at: file:///usr/local/share/nvim/runtime/lua/vim/deprecated/health.lua , size = 1.260 KB
[15:10:39.637][info] [#0:script/workspace/loading.lua:112]: ++++As library of:	file:///usr/local/share/nvim/runtime/lua
[15:10:39.637][info] [#0:script/workspace/loading.lua:100]: Preload file at: file:///usr/local/share/nvim/runtime/lua/vim/inspect.lua , size = 8.899 KB
[15:10:39.654][info] [#0:script/workspace/loading.lua:112]: ++++As library of:	file:///usr/local/share/nvim/runtime/lua
[15:10:39.654][info] [#0:script/workspace/loading.lua:100]: Preload file at: file:///usr/local/share/nvim/runtime/lua/vim/iter.lua , size = 25.930 KB
[15:10:39.687][info] [#0:script/workspace/loading.lua:112]: ++++As library of:	file:///usr/local/share/nvim/runtime/lua
[15:10:39.688][info] [#0:script/workspace/loading.lua:100]: Preload file at: file:///usr/local/share/nvim/runtime/lua/vim/_comment.lua , size = 8.967 KB
[15:10:39.698][info] [#0:script/workspace/loading.lua:112]: ++++As library of:	file:///usr/local/share/nvim/runtime/lua
[15:10:39.698][info] [#0:script/workspace/loading.lua:100]: Preload file at: file:///usr/local/share/nvim/runtime/lua/vim/treesitter.lua , size = 15.239 KB
[15:10:39.714][info] [#0:script/workspace/loading.lua:112]: ++++As library of:	file:///usr/local/share/nvim/runtime/lua
[15:10:39.714][info] [#0:script/workspace/loading.lua:100]: Preload file at: file:///usr/local/share/nvim/runtime/lua/vim/keymap.lua , size = 3.683 KB
[15:10:39.719][info] [#0:script/workspace/loading.lua:112]: ++++As library of:	file:///usr/local/share/nvim/runtime/lua
[15:10:39.719][info] [#0:script/workspace/loading.lua:100]: Preload file at: file:///usr/local/share/nvim/runtime/lua/vim/_options.lua , size = 25.508 KB
[15:10:39.741][info] [#0:script/workspace/loading.lua:112]: ++++As library of:	file:///usr/local/share/nvim/runtime/lua
[15:10:39.743][info] [#0:script/workspace/loading.lua:100]: Preload file at: file:///usr/local/share/nvim/runtime/lua/vim/_init_packages.lua , size = 3.023 KB
[15:10:39.747][info] [#0:script/workspace/loading.lua:112]: ++++As library of:	file:///usr/local/share/nvim/runtime/lua
[15:10:39.747][info] [#0:script/workspace/loading.lua:100]: Preload file at: file:///usr/local/share/nvim/runtime/lua/vim/func.lua , size = 1.950 KB
[15:10:39.749][info] [#0:script/workspace/loading.lua:112]: ++++As library of:	file:///usr/local/share/nvim/runtime/lua
[15:10:39.749][info] [#0:script/workspace/loading.lua:100]: Preload file at: file:///usr/local/share/nvim/runtime/lua/vim/health/health.lua , size = 12.914 KB
[15:10:39.764][info] [#0:script/workspace/loading.lua:112]: ++++As library of:	file:///usr/local/share/nvim/runtime/lua
[15:10:39.764][info] [#0:script/workspace/loading.lua:100]: Preload file at: file:///usr/local/share/nvim/runtime/lua/vim/_ftplugin/lua.lua , size = 0.540 KB
[15:10:39.766][info] [#0:script/workspace/loading.lua:112]: ++++As library of:	file:///usr/local/share/nvim/runtime/lua
[15:10:39.767][info] [#0:script/workspace/loading.lua:100]: Preload file at: file:///usr/local/share/nvim/runtime/lua/vim/secure.lua , size = 6.484 KB
[15:10:39.776][info] [#0:script/workspace/loading.lua:112]: ++++As library of:	file:///usr/local/share/nvim/runtime/lua
[15:10:39.776][info] [#0:script/workspace/loading.lua:100]: Preload file at: file:///usr/local/share/nvim/runtime/lua/vim/func/_memoize.lua , size = 1.979 KB
[15:10:39.784][info] [#0:script/workspace/loading.lua:112]: ++++As library of:	file:///usr/local/share/nvim/runtime/lua
[15:10:39.784][info] [#0:script/workspace/loading.lua:100]: Preload file at: file:///usr/local/share/nvim/runtime/lua/vim/filetype.lua , size = 78.989 KB
[15:10:39.865][info] [#0:script/workspace/loading.lua:112]: ++++As library of:	file:///usr/local/share/nvim/runtime/lua
[15:10:39.865][info] [#0:script/workspace/loading.lua:100]: Preload file at: file:///usr/local/share/nvim/runtime/lua/vim/health.lua , size = 15.774 KB
[15:10:39.880][info] [#0:script/workspace/loading.lua:112]: ++++As library of:	file:///usr/local/share/nvim/runtime/lua
[15:10:39.880][info] [#0:script/workspace/loading.lua:100]: Preload file at: file:///usr/local/share/nvim/runtime/lua/vim/lsp.lua , size = 53.484 KB
[15:10:39.923][info] [#0:script/workspace/loading.lua:112]: ++++As library of:	file:///usr/local/share/nvim/runtime/lua
[15:10:39.924][info] [#0:script/workspace/loading.lua:100]: Preload file at: file:///usr/local/share/nvim/runtime/lua/vim/diagnostic.lua , size = 85.210 KB
[15:10:40.000][info] [#0:script/workspace/loading.lua:112]: ++++As library of:	file:///usr/local/share/nvim/runtime/lua
[15:10:40.012][info] [#0:script/workspace/loading.lua:100]: Preload file at: file:///usr/local/share/nvim/runtime/lua/vim/_meta.lua , size = 1.002 KB
[15:10:40.014][info] [#0:script/workspace/loading.lua:112]: ++++As library of:	file:///usr/local/share/nvim/runtime/lua
[15:10:40.014][info] [#0:script/workspace/loading.lua:100]: Preload file at: file:///usr/local/share/nvim/runtime/lua/vim/_meta/mpack.lua , size = 0.478 KB
[15:10:40.015][info] [#0:script/workspace/loading.lua:112]: ++++As library of:	file:///usr/local/share/nvim/runtime/lua
[15:10:40.015][info] [#0:script/workspace/loading.lua:100]: Preload file at: file:///usr/local/share/nvim/runtime/lua/vim/_meta/options.lua , size = 325.048 KB
[15:10:40.210][info] [#0:script/workspace/loading.lua:112]: ++++As library of:	file:///usr/local/share/nvim/runtime/lua
[15:10:40.210][info] [#0:script/workspace/loading.lua:100]: Preload file at: file:///usr/local/share/nvim/runtime/lua/vim/_meta/diff.lua , size = 2.493 KB
[15:10:40.213][info] [#0:script/workspace/loading.lua:112]: ++++As library of:	file:///usr/local/share/nvim/runtime/lua
[15:10:40.213][info] [#0:script/workspace/loading.lua:100]: Preload file at: file:///usr/local/share/nvim/runtime/lua/vim/_meta/spell.lua , size = 0.929 KB
[15:10:40.214][info] [#0:script/workspace/loading.lua:112]: ++++As library of:	file:///usr/local/share/nvim/runtime/lua
[15:10:40.214][info] [#0:script/workspace/loading.lua:100]: Preload file at: file:///usr/local/share/nvim/runtime/lua/vim/_meta/builtin_types.lua , size = 8.304 KB
[15:10:40.222][info] [#0:script/workspace/loading.lua:112]: ++++As library of:	file:///usr/local/share/nvim/runtime/lua
[15:10:40.222][info] [#0:script/workspace/loading.lua:100]: Preload file at: file:///usr/local/share/nvim/runtime/lua/vim/_meta/vvars.lua , size = 26.214 KB
[15:10:40.237][info] [#0:script/workspace/loading.lua:112]: ++++As library of:	file:///usr/local/share/nvim/runtime/lua
[15:10:40.260][info] [#0:script/workspace/loading.lua:100]: Preload file at: file:///usr/local/share/nvim/runtime/lua/vim/_meta/vimfn.lua , size = 408.934 KB
[15:10:40.454][warn] [#0:script/files.lua:560]: Parse LuaDoc of [file:///usr/local/share/nvim/runtime/lua/vim/_meta/vimfn.lua] takes [0.113] sec, size [418.748] kb.
[15:10:40.486][info] [#0:script/workspace/loading.lua:112]: ++++As library of:	file:///usr/local/share/nvim/runtime/lua
[15:10:40.493][info] [#0:script/workspace/loading.lua:100]: Preload file at: file:///usr/local/share/nvim/runtime/lua/vim/_meta/re.lua , size = 2.217 KB
[15:10:40.495][info] [#0:script/workspace/loading.lua:112]: ++++As library of:	file:///usr/local/share/nvim/runtime/lua
[15:10:40.495][info] [#0:script/workspace/loading.lua:100]: Preload file at: file:///usr/local/share/nvim/runtime/lua/vim/_meta/base64.lua , size = 0.307 KB
[15:10:40.496][info] [#0:script/workspace/loading.lua:112]: ++++As library of:	file:///usr/local/share/nvim/runtime/lua
[15:10:40.496][info] [#0:script/workspace/loading.lua:100]: Preload file at: file:///usr/local/share/nvim/runtime/lua/vim/_meta/api.lua , size = 106.050 KB
[15:10:40.561][info] [#0:script/workspace/loading.lua:112]: ++++As library of:	file:///usr/local/share/nvim/runtime/lua
[15:10:40.561][info] [#0:script/workspace/loading.lua:100]: Preload file at: file:///usr/local/share/nvim/runtime/lua/vim/_meta/api_keysets_extra.lua , size = 6.957 KB
[15:10:40.569][info] [#0:script/workspace/loading.lua:112]: ++++As library of:	file:///usr/local/share/nvim/runtime/lua
[15:10:40.569][info] [#0:script/workspace/loading.lua:100]: Preload file at: file:///usr/local/share/nvim/runtime/lua/vim/_meta/builtin.lua , size = 10.381 KB
[15:10:40.576][info] [#0:script/workspace/loading.lua:112]: ++++As library of:	file:///usr/local/share/nvim/runtime/lua
[15:10:40.577][info] [#0:script/workspace/loading.lua:100]: Preload file at: file:///usr/local/share/nvim/runtime/lua/vim/_meta/vvars_extra.lua , size = 4.056 KB
[15:10:40.579][info] [#0:script/workspace/loading.lua:112]: ++++As library of:	file:///usr/local/share/nvim/runtime/lua
[15:10:40.579][info] [#0:script/workspace/loading.lua:100]: Preload file at: file:///usr/local/share/nvim/runtime/lua/vim/_meta/regex.lua , size = 1.580 KB
[15:10:40.581][info] [#0:script/workspace/loading.lua:112]: ++++As library of:	file:///usr/local/share/nvim/runtime/lua
[15:10:40.582][info] [#0:script/workspace/loading.lua:100]: Preload file at: file:///usr/local/share/nvim/runtime/lua/vim/_meta/misc.lua , size = 0.291 KB
[15:10:40.583][info] [#0:script/workspace/loading.lua:112]: ++++As library of:	file:///usr/local/share/nvim/runtime/lua
[15:10:40.583][info] [#0:script/workspace/loading.lua:100]: Preload file at: file:///usr/local/share/nvim/runtime/lua/vim/_meta/json.lua , size = 1.537 KB
[15:10:40.585][info] [#0:script/workspace/loading.lua:112]: ++++As library of:	file:///usr/local/share/nvim/runtime/lua
[15:10:40.585][info] [#0:script/workspace/loading.lua:100]: Preload file at: file:///usr/local/share/nvim/runtime/lua/vim/_meta/api_keysets.lua , size = 9.958 KB
[15:10:40.598][info] [#0:script/workspace/loading.lua:112]: ++++As library of:	file:///usr/local/share/nvim/runtime/lua
[15:10:40.598][info] [#0:script/provider/provider.lua:49]: Load config from client	file:///home/keven/dotfiles/nvim/.config/nvim
[15:10:40.598][info] [#0:script/provider/provider.lua:50]: {
  Lua = {
    codeLens = {
      enable = true
    },
    completion = {
      callSnippet = "Replace"
    },
    doc = {
      privateName = { "^_" }
    },
    hint = {
      arrayIndex = "Disable",
      enable = true,
      paramName = "Disable",
      paramType = true,
      semicolon = "Disable",
      setType = false
    },
    runtime = {
      path = { "?.lua", "?/init.lua" },
      pathStrict = true,
      version = "LuaJIT"
    },
    workspace = {
      checkThirdParty = false,
      ignoreDir = { "/lua" },
      library = { "/usr/local/share/nvim/runtime/lua", "/home/keven/dotfiles/nvim/.config/nvim/lua", "/home/keven/.local/share/nvim/lazy/LazyVim/lua", "/home/keven/.local/share/nvim/lazy/lazy.nvim/lua", "${3rd}/luv/library" }
    }
  }
}
[15:10:40.599][info] [#0:script/workspace/loading.lua:100]: Preload file at: file:///usr/local/share/nvim/runtime/lua/vim/_meta/lpeg.lua , size = 15.348 KB
[15:10:40.608][info] [#0:script/workspace/loading.lua:112]: ++++As library of:	file:///usr/local/share/nvim/runtime/lua
[15:10:40.608][info] [#0:script/workspace/loading.lua:100]: Preload file at: file:///usr/local/share/nvim/runtime/lua/vim/shared.lua , size = 40.562 KB
[15:10:40.649][info] [#0:script/workspace/loading.lua:112]: ++++As library of:	file:///usr/local/share/nvim/runtime/lua
[15:10:40.649][warn] [#0:script/config/loader.lua:116]: No config?	{}
[15:10:40.649][info] [#0:script/provider/provider.lua:65]: Load config from client	fallback
[15:10:40.649][info] [#0:script/provider/provider.lua:66]: nil
[15:10:40.649][info] [#0:script/workspace/loading.lua:100]: Preload file at: file:///usr/local/share/nvim/runtime/lua/vim/provider/health.lua , size = 29.915 KB
[15:10:40.674][info] [#0:script/workspace/loading.lua:112]: ++++As library of:	file:///usr/local/share/nvim/runtime/lua
[15:10:40.788][info] [#0:script/workspace/loading.lua:100]: Preload file at: file:///usr/local/share/nvim/runtime/lua/vim/provider/python.lua , size = 4.292 KB
[15:10:40.794][info] [#0:script/workspace/loading.lua:112]: ++++As library of:	file:///usr/local/share/nvim/runtime/lua
[15:10:40.794][warn] [#0:script/proto/proto.lua:189]: Method [textDocument/semanticTokens/full] takes [2.674]sec. {
  _closeMessage = "Request cancelled.",
  _closeReason = -32800,
  id = 16,
  jsonrpc = "2.0",
  method = "textDocument/semanticTokens/full",
  params = {
    textDocument = {
      uri = "file:///home/keven/dotfiles/nvim/.config/nvim/lua/config/options.lua"
    }
  }
}
[15:10:40.796][warn] [#0:script/proto/proto.lua:189]: Method [textDocument/documentSymbol] takes [2.760]sec. {
  _closeMessage = "Content modified.",
  _closeReason = -32801,
  id = 4,
  jsonrpc = "2.0",
  method = "textDocument/documentSymbol",
  params = {
    textDocument = {
      uri = "file:///home/keven/dotfiles/nvim/.config/nvim/lua/config/options.lua"
    }
  }
}
[15:10:40.797][warn] [#0:script/proto/proto.lua:189]: Method [textDocument/documentSymbol] takes [1.169]sec. {
  _closeMessage = "Content modified.",
  _closeReason = -32801,
  id = 20,
  jsonrpc = "2.0",
  method = "textDocument/documentSymbol",
  params = {
    textDocument = {
      uri = "file:///home/keven/dotfiles/nvim/.config/nvim/lua/config/options.lua"
    }
  }
}
[15:10:40.963][info] [#0:script/library.lua:216]: Init builtin library at:	file:///home/keven/dotfiles/nvim/.config/nvim
[15:10:40.965][error][#0:script/locale-loader.lua:5]: script/locale-loader.lua:5: attempt to index a number value (local 'k')
stack traceback:
	script/locale-loader.lua:5: in upvalue 'mergeKey'
	script/locale-loader.lua:18: in metamethod 'newindex'
	...ckages/lua-language-server/libexec/locale/en-us/meta.lua:885: in main chunk
	script/locale-loader.lua:25: in function 'locale-loader'
	[C]: in global 'xpcall'
	script/library.lua:210: in upvalue 'loadMetaLocale'
	script/library.lua:230: in upvalue 'initBuiltIn'
	script/library.lua:668: in upvalue 'callback'
	script/workspace/workspace.lua:31: in function <script/workspace/workspace.lua:30>
[15:10:41.102][info] [#0:script/workspace/workspace.lua:332]: Preload start:	file:///home/keven/dotfiles/nvim/.config/nvim
[15:10:41.107][info] [#0:script/workspace/workspace.lua:338]: Scan files at:	file:///home/keven/dotfiles/nvim/.config/nvim
[15:10:41.111][info] [#0:script/workspace/workspace.lua:361]: Scan library at:	file:///home/keven/.local/share/nvim/mason/packages/lua-language-server/libexec/meta/LuaJIT%20en-us%20utf8/coroutine.lua
[15:10:41.111][info] [#0:script/workspace/workspace.lua:361]: Scan library at:	file:///home/keven/.local/share/nvim/mason/packages/lua-language-server/libexec/meta/LuaJIT%20en-us%20utf8/jit.lua
[15:10:41.111][info] [#0:script/workspace/workspace.lua:361]: Scan library at:	file:///usr/local/share/nvim/runtime/lua
[15:10:41.119][info] [#0:script/workspace/workspace.lua:361]: Scan library at:	file:///home/keven/.local/share/nvim/mason/packages/lua-language-server/libexec/meta/LuaJIT%20en-us%20utf8/io.lua
[15:10:41.119][info] [#0:script/workspace/workspace.lua:361]: Scan library at:	file:///home/keven/.local/share/nvim/mason/packages/lua-language-server/libexec/meta/LuaJIT%20en-us%20utf8/basic.lua
[15:10:41.119][info] [#0:script/workspace/workspace.lua:361]: Scan library at:	file:///home/keven/.local/share/nvim/mason/packages/lua-language-server/libexec/meta/LuaJIT%20en-us%20utf8/table/clear.lua
[15:10:41.119][info] [#0:script/workspace/workspace.lua:361]: Scan library at:	file:///home/keven/.local/share/nvim/mason/packages/lua-language-server/libexec/meta/LuaJIT%20en-us%20utf8/debug.lua
[15:10:41.119][info] [#0:script/workspace/workspace.lua:361]: Scan library at:	file:///home/keven/.local/share/nvim/mason/packages/lua-language-server/libexec/meta/LuaJIT%20en-us%20utf8/package.lua
[15:10:41.119][info] [#0:script/workspace/workspace.lua:361]: Scan library at:	file:///home/keven/.local/share/nvim/mason/packages/lua-language-server/libexec/meta/LuaJIT%20en-us%20utf8/os.lua
[15:10:41.119][info] [#0:script/workspace/workspace.lua:361]: Scan library at:	file:///home/keven/dotfiles/nvim/.config/nvim/lua
[15:10:41.120][info] [#0:script/workspace/workspace.lua:361]: Scan library at:	file:///home/keven/.local/share/nvim/mason/packages/lua-language-server/libexec/meta/LuaJIT%20en-us%20utf8/table.lua
[15:10:41.120][info] [#0:script/workspace/workspace.lua:361]: Scan library at:	file:///home/keven/.local/share/nvim/lazy/LazyVim/lua
[15:10:41.132][info] [#0:script/workspace/workspace.lua:361]: Scan library at:	file:///home/keven/.local/share/nvim/mason/packages/lua-language-server/libexec/meta/3rd/luv/library
[15:10:41.136][info] [#0:script/workspace/workspace.lua:361]: Scan library at:	file:///home/keven/.local/share/nvim/mason/packages/lua-language-server/libexec/meta/LuaJIT%20en-us%20utf8/bit.lua
[15:10:41.136][info] [#0:script/workspace/workspace.lua:361]: Scan library at:	file:///home/keven/.local/share/nvim/lazy/lazy.nvim/lua
[15:10:41.140][info] [#0:script/workspace/workspace.lua:361]: Scan library at:	file:///home/keven/.local/share/nvim/mason/packages/lua-language-server/libexec/meta/LuaJIT%20en-us%20utf8/table/new.lua
[15:10:41.140][info] [#0:script/workspace/workspace.lua:361]: Scan library at:	file:///home/keven/.local/share/nvim/mason/packages/lua-language-server/libexec/meta/LuaJIT%20en-us%20utf8/builtin.lua
[15:10:41.141][info] [#0:script/workspace/workspace.lua:361]: Scan library at:	file:///home/keven/.local/share/nvim/mason/packages/lua-language-server/libexec/meta/LuaJIT%20en-us%20utf8/string.lua
[15:10:41.141][info] [#0:script/workspace/workspace.lua:361]: Scan library at:	file:///home/keven/.local/share/nvim/mason/packages/lua-language-server/libexec/meta/LuaJIT%20en-us%20utf8/ffi.lua
[15:10:41.141][info] [#0:script/workspace/workspace.lua:361]: Scan library at:	file:///home/keven/.local/share/nvim/mason/packages/lua-language-server/libexec/meta/LuaJIT%20en-us%20utf8/math.lua
[15:10:41.141][info] [#0:script/workspace/workspace.lua:361]: Scan library at:	file:///home/keven/.local/share/nvim/mason/packages/lua-language-server/libexec/meta/LuaJIT%20en-us%20utf8/string/buffer.lua
[15:10:41.141][info] [#0:script/workspace/workspace.lua:361]: Scan library at:	file:///home/keven/.local/share/nvim/mason/packages/lua-language-server/libexec/meta/LuaJIT%20en-us%20utf8/jit/profile.lua
[15:10:41.141][info] [#0:script/workspace/workspace.lua:361]: Scan library at:	file:///home/keven/.local/share/nvim/mason/packages/lua-language-server/libexec/meta/LuaJIT%20en-us%20utf8/jit/util.lua
[15:10:41.242][info] [#0:script/workspace/workspace.lua:387]: Found 372 files at:	file:///home/keven/dotfiles/nvim/.config/nvim
[15:10:41.242][info] [#0:script/workspace/loading.lua:160]: Load files from disk:	file:///home/keven/dotfiles/nvim/.config/nvim
[15:10:41.242][info] [#0:script/workspace/loading.lua:100]: Preload file at: file:///home/keven/.local/share/nvim/mason/packages/lua-language-server/libexec/meta/LuaJIT%20en-us%20utf8/jit/util.lua , size = 1.984 KB
[15:10:41.246][info] [#0:script/workspace/loading.lua:112]: ++++As library of:	file:///home/keven/.local/share/nvim/mason/packages/lua-language-server/libexec/meta/LuaJIT%20en-us%20utf8/jit/util.lua
[15:10:41.246][info] [#0:script/workspace/loading.lua:100]: Preload file at: file:///home/keven/.local/share/nvim/mason/packages/lua-language-server/libexec/meta/LuaJIT%20en-us%20utf8/jit/profile.lua , size = 0.348 KB
[15:10:41.247][info] [#0:script/workspace/loading.lua:112]: ++++As library of:	file:///home/keven/.local/share/nvim/mason/packages/lua-language-server/libexec/meta/LuaJIT%20en-us%20utf8/jit/profile.lua
[15:10:41.247][info] [#0:script/workspace/loading.lua:100]: Preload file at: file:///home/keven/.local/share/nvim/mason/packages/lua-language-server/libexec/meta/LuaJIT%20en-us%20utf8/string/buffer.lua , size = 18.057 KB
[15:10:41.265][info] [#0:script/workspace/loading.lua:112]: ++++As library of:	file:///home/keven/.local/share/nvim/mason/packages/lua-language-server/libexec/meta/LuaJIT%20en-us%20utf8/string/buffer.lua
[15:10:41.265][info] [#0:script/workspace/loading.lua:100]: Preload file at: file:///home/keven/.local/share/nvim/mason/packages/lua-language-server/libexec/meta/LuaJIT%20en-us%20utf8/math.lua , size = 8.035 KB
[15:10:41.274][info] [#0:script/workspace/loading.lua:112]: ++++As library of:	file:///home/keven/.local/share/nvim/mason/packages/lua-language-server/libexec/meta/LuaJIT%20en-us%20utf8/math.lua
[15:10:41.274][info] [#0:script/workspace/loading.lua:100]: Preload file at: file:///home/keven/.local/share/nvim/mason/packages/lua-language-server/libexec/meta/LuaJIT%20en-us%20utf8/ffi.lua , size = 2.529 KB
[15:10:41.279][info] [#0:script/workspace/loading.lua:112]: ++++As library of:	file:///home/keven/.local/share/nvim/mason/packages/lua-language-server/libexec/meta/LuaJIT%20en-us%20utf8/ffi.lua
[15:10:41.279][info] [#0:script/workspace/loading.lua:100]: Preload file at: file:///home/keven/.local/share/nvim/mason/packages/lua-language-server/libexec/meta/LuaJIT%20en-us%20utf8/string.lua , size = 6.371 KB
[15:10:41.285][info] [#0:script/workspace/loading.lua:112]: ++++As library of:	file:///home/keven/.local/share/nvim/mason/packages/lua-language-server/libexec/meta/LuaJIT%20en-us%20utf8/string.lua
[15:10:41.285][info] [#0:script/workspace/loading.lua:100]: Preload file at: file:///home/keven/.local/share/nvim/mason/packages/lua-language-server/libexec/meta/LuaJIT%20en-us%20utf8/builtin.lua , size = 0.302 KB
[15:10:41.286][info] [#0:script/workspace/loading.lua:112]: ++++As library of:	file:///home/keven/.local/share/nvim/mason/packages/lua-language-server/libexec/meta/LuaJIT%20en-us%20utf8/builtin.lua
[15:10:41.286][info] [#0:script/workspace/loading.lua:100]: Preload file at: file:///home/keven/.local/share/nvim/mason/packages/lua-language-server/libexec/meta/LuaJIT%20en-us%20utf8/table/new.lua , size = 0.642 KB
[15:10:41.287][info] [#0:script/workspace/loading.lua:112]: ++++As library of:	file:///home/keven/.local/share/nvim/mason/packages/lua-language-server/libexec/meta/LuaJIT%20en-us%20utf8/table/new.lua
[15:10:41.287][info] [#0:script/workspace/loading.lua:100]: Preload file at: file:///home/keven/.local/share/nvim/lazy/lazy.nvim/lua/lazy/docs.lua , size = 4.920 KB
[15:10:41.294][info] [#0:script/workspace/loading.lua:112]: ++++As library of:	file:///home/keven/.local/share/nvim/lazy/lazy.nvim/lua
[15:10:41.294][info] [#0:script/workspace/loading.lua:100]: Preload file at: file:///home/keven/.local/share/nvim/lazy/lazy.nvim/lua/lazy/example.lua , size = 2.644 KB
[15:10:41.295][info] [#0:script/workspace/loading.lua:112]: ++++As library of:	file:///home/keven/.local/share/nvim/lazy/lazy.nvim/lua
[15:10:41.295][info] [#0:script/workspace/loading.lua:100]: Preload file at: file:///home/keven/.local/share/nvim/lazy/lazy.nvim/lua/lazy/util.lua , size = 6.888 KB
[15:10:41.306][info] [#0:script/workspace/loading.lua:112]: ++++As library of:	file:///home/keven/.local/share/nvim/lazy/lazy.nvim/lua
[15:10:41.306][info] [#0:script/workspace/loading.lua:100]: Preload file at: file:///home/keven/.local/share/nvim/lazy/lazy.nvim/lua/lazy/health.lua , size = 5.792 KB
[15:10:41.322][info] [#0:script/workspace/loading.lua:112]: ++++As library of:	file:///home/keven/.local/share/nvim/lazy/lazy.nvim/lua
[15:10:41.322][info] [#0:script/workspace/loading.lua:100]: Preload file at: file:///home/keven/.local/share/nvim/lazy/lazy.nvim/lua/lazy/community/specs.lua , size = 0.115 KB
[15:10:41.322][info] [#0:script/workspace/loading.lua:112]: ++++As library of:	file:///home/keven/.local/share/nvim/lazy/lazy.nvim/lua
[15:10:41.322][info] [#0:script/workspace/loading.lua:100]: Preload file at: file:///home/keven/.local/share/nvim/lazy/lazy.nvim/lua/lazy/community/_generated.lua , size = 65.702 KB
[15:10:41.369][info] [#0:script/workspace/loading.lua:112]: ++++As library of:	file:///home/keven/.local/share/nvim/lazy/lazy.nvim/lua
[15:10:41.369][info] [#0:script/workspace/loading.lua:100]: Preload file at: file:///home/keven/.local/share/nvim/lazy/lazy.nvim/lua/lazy/community/init.lua , size = 0.511 KB
[15:10:41.371][info] [#0:script/workspace/loading.lua:112]: ++++As library of:	file:///home/keven/.local/share/nvim/lazy/lazy.nvim/lua
[15:10:41.371][info] [#0:script/workspace/loading.lua:100]: Preload file at: file:///home/keven/.local/share/nvim/lazy/lazy.nvim/lua/lazy/view/config.lua , size = 3.507 KB
[15:10:41.374][info] [#0:script/workspace/loading.lua:112]: ++++As library of:	file:///home/keven/.local/share/nvim/lazy/lazy.nvim/lua
[15:10:41.374][info] [#0:script/workspace/loading.lua:100]: Preload file at: file:///home/keven/.local/share/nvim/lazy/lazy.nvim/lua/lazy/view/diff.lua , size = 1.585 KB
[15:10:41.377][info] [#0:script/workspace/loading.lua:112]: ++++As library of:	file:///home/keven/.local/share/nvim/lazy/lazy.nvim/lua
[15:10:41.377][info] [#0:script/workspace/loading.lua:100]: Preload file at: file:///home/keven/.local/share/nvim/lazy/lazy.nvim/lua/lazy/view/render.lua , size = 23.064 KB
[15:10:41.407][info] [#0:script/workspace/loading.lua:112]: ++++As library of:	file:///home/keven/.local/share/nvim/lazy/lazy.nvim/lua
[15:10:41.407][info] [#0:script/workspace/loading.lua:100]: Preload file at: file:///home/keven/.local/share/nvim/lazy/lazy.nvim/lua/lazy/view/sections.lua , size = 2.430 KB
[15:10:41.410][info] [#0:script/workspace/loading.lua:112]: ++++As library of:	file:///home/keven/.local/share/nvim/lazy/lazy.nvim/lua
[15:10:41.410][info] [#0:script/workspace/loading.lua:100]: Preload file at: file:///home/keven/.local/share/nvim/lazy/lazy.nvim/lua/lazy/view/colors.lua , size = 1.820 KB
[15:10:41.423][info] [#0:script/workspace/loading.lua:112]: ++++As library of:	file:///home/keven/.local/share/nvim/lazy/lazy.nvim/lua
[15:10:41.423][info] [#0:script/workspace/loading.lua:100]: Preload file at: file:///home/keven/.local/share/nvim/lazy/lazy.nvim/lua/lazy/view/float.lua , size = 9.536 KB
[15:10:41.436][info] [#0:script/workspace/loading.lua:112]: ++++As library of:	file:///home/keven/.local/share/nvim/lazy/lazy.nvim/lua
[15:10:41.437][info] [#0:script/workspace/loading.lua:100]: Preload file at: file:///home/keven/.local/share/nvim/lazy/lazy.nvim/lua/lazy/view/text.lua , size = 3.813 KB
[15:10:41.442][info] [#0:script/workspace/loading.lua:112]: ++++As library of:	file:///home/keven/.local/share/nvim/lazy/lazy.nvim/lua
[15:10:41.442][info] [#0:script/workspace/loading.lua:100]: Preload file at: file:///home/keven/.local/share/nvim/lazy/lazy.nvim/lua/lazy/view/commands.lua , size = 3.899 KB
[15:10:41.447][info] [#0:script/workspace/loading.lua:112]: ++++As library of:	file:///home/keven/.local/share/nvim/lazy/lazy.nvim/lua
[15:10:41.447][info] [#0:script/workspace/loading.lua:100]: Preload file at: file:///home/keven/.local/share/nvim/lazy/lazy.nvim/lua/lazy/view/init.lua , size = 9.394 KB
[15:10:41.459][info] [#0:script/workspace/loading.lua:112]: ++++As library of:	file:///home/keven/.local/share/nvim/lazy/lazy.nvim/lua
[15:10:41.459][info] [#0:script/workspace/loading.lua:100]: Preload file at: file:///home/keven/.local/share/nvim/lazy/lazy.nvim/lua/lazy/async.lua , size = 4.302 KB
[15:10:41.465][info] [#0:script/workspace/loading.lua:112]: ++++As library of:	file:///home/keven/.local/share/nvim/lazy/lazy.nvim/lua
[15:10:41.465][info] [#0:script/workspace/loading.lua:100]: Preload file at: file:///home/keven/.local/share/nvim/lazy/lazy.nvim/lua/lazy/pkg/packspec.lua , size = 1.137 KB
[15:10:41.467][info] [#0:script/workspace/loading.lua:112]: ++++As library of:	file:///home/keven/.local/share/nvim/lazy/lazy.nvim/lua
[15:10:41.467][info] [#0:script/workspace/loading.lua:100]: Preload file at: file:///home/keven/.local/share/nvim/lazy/lazy.nvim/lua/lazy/pkg/rockspec.lua , size = 8.061 KB
[15:10:41.488][info] [#0:script/workspace/loading.lua:112]: ++++As library of:	file:///home/keven/.local/share/nvim/lazy/lazy.nvim/lua
[15:10:41.488][info] [#0:script/workspace/loading.lua:100]: Preload file at: file:///home/keven/.local/share/nvim/lazy/lazy.nvim/lua/lazy/pkg/lazy.lua , size = 0.720 KB
[15:10:41.489][info] [#0:script/workspace/loading.lua:112]: ++++As library of:	file:///home/keven/.local/share/nvim/lazy/lazy.nvim/lua
[15:10:41.489][info] [#0:script/workspace/loading.lua:100]: Preload file at: file:///home/keven/.local/share/nvim/lazy/lazy.nvim/lua/lazy/pkg/init.lua , size = 3.186 KB
[15:10:41.493][info] [#0:script/workspace/loading.lua:112]: ++++As library of:	file:///home/keven/.local/share/nvim/lazy/lazy.nvim/lua
[15:10:41.493][info] [#0:script/workspace/loading.lua:100]: Preload file at: file:///home/keven/.local/share/nvim/lazy/lazy.nvim/lua/lazy/help.lua , size = 2.216 KB
[15:10:41.496][info] [#0:script/workspace/loading.lua:112]: ++++As library of:	file:///home/keven/.local/share/nvim/lazy/lazy.nvim/lua
[15:10:41.496][info] [#0:script/workspace/loading.lua:100]: Preload file at: file:///home/keven/.local/share/nvim/lazy/lazy.nvim/lua/lazy/stats.lua , size = 2.215 KB
[15:10:41.498][info] [#0:script/workspace/loading.lua:112]: ++++As library of:	file:///home/keven/.local/share/nvim/lazy/lazy.nvim/lua
[15:10:41.500][info] [#0:script/workspace/loading.lua:100]: Preload file at: file:///home/keven/.local/share/nvim/lazy/lazy.nvim/lua/lazy/build.lua , size = 4.072 KB
[15:10:41.505][info] [#0:script/workspace/loading.lua:112]: ++++As library of:	file:///home/keven/.local/share/nvim/lazy/lazy.nvim/lua
[15:10:41.505][info] [#0:script/workspace/loading.lua:100]: Preload file at: file:///home/keven/.local/share/nvim/lazy/lazy.nvim/lua/lazy/status.lua , size = 0.353 KB
[15:10:41.506][info] [#0:script/workspace/loading.lua:112]: ++++As library of:	file:///home/keven/.local/share/nvim/lazy/lazy.nvim/lua
[15:10:41.506][info] [#0:script/workspace/loading.lua:100]: Preload file at: file:///home/keven/.local/share/nvim/lazy/lazy.nvim/lua/lazy/manage/task/plugin.lua , size = 2.765 KB
[15:10:41.510][info] [#0:script/workspace/loading.lua:112]: ++++As library of:	file:///home/keven/.local/share/nvim/lazy/lazy.nvim/lua
[15:10:41.510][info] [#0:script/workspace/loading.lua:100]: Preload file at: file:///home/keven/.local/share/nvim/lazy/lazy.nvim/lua/lazy/manage/task/fs.lua , size = 1.009 KB
[15:10:41.511][info] [#0:script/workspace/loading.lua:112]: ++++As library of:	file:///home/keven/.local/share/nvim/lazy/lazy.nvim/lua
[15:10:41.511][info] [#0:script/workspace/loading.lua:100]: Preload file at: file:///home/keven/.local/share/nvim/lazy/lazy.nvim/lua/lazy/manage/task/init.lua , size = 5.805 KB
[15:10:41.520][info] [#0:script/workspace/loading.lua:112]: ++++As library of:	file:///home/keven/.local/share/nvim/lazy/lazy.nvim/lua
[15:10:41.520][info] [#0:script/workspace/loading.lua:100]: Preload file at: file:///home/keven/.local/share/nvim/lazy/lazy.nvim/lua/lazy/manage/task/git.lua , size = 10.135 KB
[15:10:41.530][info] [#0:script/workspace/loading.lua:112]: ++++As library of:	file:///home/keven/.local/share/nvim/lazy/lazy.nvim/lua
[15:10:41.530][info] [#0:script/workspace/loading.lua:100]: Preload file at: file:///home/keven/.local/share/nvim/lazy/lazy.nvim/lua/lazy/manage/reloader.lua , size = 2.817 KB
[15:10:41.545][info] [#0:script/workspace/loading.lua:112]: ++++As library of:	file:///home/keven/.local/share/nvim/lazy/lazy.nvim/lua
[15:10:41.546][info] [#0:script/workspace/loading.lua:100]: Preload file at: file:///home/keven/.local/share/nvim/lazy/lazy.nvim/lua/lazy/manage/runner.lua , size = 4.847 KB
[15:10:41.553][info] [#0:script/workspace/loading.lua:112]: ++++As library of:	file:///home/keven/.local/share/nvim/lazy/lazy.nvim/lua
[15:10:41.553][info] [#0:script/workspace/loading.lua:100]: Preload file at: file:///home/keven/.local/share/nvim/lazy/lazy.nvim/lua/lazy/manage/checker.lua , size = 2.479 KB
[15:10:41.556][info] [#0:script/workspace/loading.lua:112]: ++++As library of:	file:///home/keven/.local/share/nvim/lazy/lazy.nvim/lua
[15:10:41.557][info] [#0:script/workspace/loading.lua:100]: Preload file at: file:///home/keven/.local/share/nvim/lazy/lazy.nvim/lua/lazy/manage/process.lua , size = 5.447 KB
[15:10:41.565][info] [#0:script/workspace/loading.lua:112]: ++++As library of:	file:///home/keven/.local/share/nvim/lazy/lazy.nvim/lua
[15:10:41.565][info] [#0:script/workspace/loading.lua:100]: Preload file at: file:///home/keven/.local/share/nvim/lazy/lazy.nvim/lua/lazy/manage/lock.lua , size = 1.668 KB
[15:10:41.568][info] [#0:script/workspace/loading.lua:112]: ++++As library of:	file:///home/keven/.local/share/nvim/lazy/lazy.nvim/lua
[15:10:41.568][info] [#0:script/workspace/loading.lua:100]: Preload file at: file:///home/keven/.local/share/nvim/lazy/lazy.nvim/lua/lazy/manage/init.lua , size = 5.940 KB
[15:10:41.576][info] [#0:script/workspace/loading.lua:112]: ++++As library of:	file:///home/keven/.local/share/nvim/lazy/lazy.nvim/lua
[15:10:41.576][info] [#0:script/workspace/loading.lua:100]: Preload file at: file:///home/keven/.local/share/nvim/lazy/lazy.nvim/lua/lazy/manage/semver.lua , size = 4.455 KB
[15:10:41.582][info] [#0:script/workspace/loading.lua:112]: ++++As library of:	file:///home/keven/.local/share/nvim/lazy/lazy.nvim/lua
[15:10:41.582][info] [#0:script/workspace/loading.lua:100]: Preload file at: file:///home/keven/.local/share/nvim/lazy/lazy.nvim/lua/lazy/manage/git.lua , size = 6.279 KB
[15:10:41.590][info] [#0:script/workspace/loading.lua:112]: ++++As library of:	file:///home/keven/.local/share/nvim/lazy/lazy.nvim/lua
[15:10:41.591][info] [#0:script/workspace/loading.lua:100]: Preload file at: file:///home/keven/.local/share/nvim/lazy/lazy.nvim/lua/lazy/core/config.lua , size = 12.009 KB
[15:10:41.612][info] [#0:script/workspace/loading.lua:112]: ++++As library of:	file:///home/keven/.local/share/nvim/lazy/lazy.nvim/lua
[15:10:41.613][info] [#0:script/workspace/loading.lua:100]: Preload file at: file:///home/keven/.local/share/nvim/lazy/lazy.nvim/lua/lazy/core/util.lua , size = 12.348 KB
[15:10:41.629][info] [#0:script/workspace/loading.lua:112]: ++++As library of:	file:///home/keven/.local/share/nvim/lazy/lazy.nvim/lua
[15:10:41.630][info] [#0:script/workspace/loading.lua:100]: Preload file at: file:///home/keven/.local/share/nvim/lazy/lazy.nvim/lua/lazy/core/meta.lua , size = 9.738 KB
[15:10:41.640][info] [#0:script/workspace/loading.lua:112]: ++++As library of:	file:///home/keven/.local/share/nvim/lazy/lazy.nvim/lua
[15:10:41.640][info] [#0:script/workspace/loading.lua:100]: Preload file at: file:///home/keven/.local/share/nvim/lazy/lazy.nvim/lua/lazy/core/fragments.lua , size = 4.215 KB
[15:10:41.645][info] [#0:script/workspace/loading.lua:112]: ++++As library of:	file:///home/keven/.local/share/nvim/lazy/lazy.nvim/lua
[15:10:41.645][info] [#0:script/workspace/loading.lua:100]: Preload file at: file:///home/keven/.local/share/nvim/lazy/lazy.nvim/lua/lazy/core/plugin.lua , size = 12.541 KB
[15:10:41.660][info] [#0:script/workspace/loading.lua:112]: ++++As library of:	file:///home/keven/.local/share/nvim/lazy/lazy.nvim/lua
[15:10:41.660][info] [#0:script/workspace/loading.lua:100]: Preload file at: file:///home/keven/.local/share/nvim/lazy/lazy.nvim/lua/lazy/core/loader.lua , size = 14.966 KB
[15:10:41.691][info] [#0:script/workspace/loading.lua:112]: ++++As library of:	file:///home/keven/.local/share/nvim/lazy/lazy.nvim/lua
[15:10:41.691][info] [#0:script/workspace/loading.lua:100]: Preload file at: file:///home/keven/.local/share/nvim/lazy/lazy.nvim/lua/lazy/core/handler/cmd.lua , size = 1.638 KB
[15:10:41.694][info] [#0:script/workspace/loading.lua:112]: ++++As library of:	file:///home/keven/.local/share/nvim/lazy/lazy.nvim/lua
[15:10:41.694][info] [#0:script/workspace/loading.lua:100]: Preload file at: file:///home/keven/.local/share/nvim/lazy/lazy.nvim/lua/lazy/core/handler/event.lua , size = 4.956 KB
[15:10:41.702][info] [#0:script/workspace/loading.lua:112]: ++++As library of:	file:///home/keven/.local/share/nvim/lazy/lazy.nvim/lua
[15:10:41.702][info] [#0:script/workspace/loading.lua:100]: Preload file at: file:///home/keven/.local/share/nvim/lazy/lazy.nvim/lua/lazy/core/handler/ft.lua , size = 0.442 KB
[15:10:41.703][info] [#0:script/workspace/loading.lua:112]: ++++As library of:	file:///home/keven/.local/share/nvim/lazy/lazy.nvim/lua
[15:10:41.769][info] [#0:script/workspace/loading.lua:100]: Preload file at: file:///home/keven/.local/share/nvim/lazy/lazy.nvim/lua/lazy/core/handler/keys.lua , size = 5.302 KB
[15:10:41.777][info] [#0:script/workspace/loading.lua:112]: ++++As library of:	file:///home/keven/.local/share/nvim/lazy/lazy.nvim/lua
[15:10:41.777][info] [#0:script/workspace/loading.lua:100]: Preload file at: file:///home/keven/.local/share/nvim/lazy/lazy.nvim/lua/lazy/core/handler/init.lua , size = 3.170 KB
[15:10:41.794][info] [#0:script/workspace/loading.lua:112]: ++++As library of:	file:///home/keven/.local/share/nvim/lazy/lazy.nvim/lua
[15:10:41.794][info] [#0:script/workspace/loading.lua:100]: Preload file at: file:///home/keven/.local/share/nvim/lazy/lazy.nvim/lua/lazy/core/cache.lua , size = 16.584 KB
[15:10:41.814][info] [#0:script/workspace/loading.lua:112]: ++++As library of:	file:///home/keven/.local/share/nvim/lazy/lazy.nvim/lua
[15:10:41.814][info] [#0:script/workspace/loading.lua:100]: Preload file at: file:///home/keven/.local/share/nvim/lazy/lazy.nvim/lua/lazy/minit.lua , size = 5.172 KB
[15:10:41.829][info] [#0:script/workspace/loading.lua:112]: ++++As library of:	file:///home/keven/.local/share/nvim/lazy/lazy.nvim/lua
[15:10:41.829][info] [#0:script/workspace/loading.lua:100]: Preload file at: file:///home/keven/.local/share/nvim/lazy/lazy.nvim/lua/lazy/terminal.lua , size = 2.394 KB
[15:10:41.837][info] [#0:script/workspace/loading.lua:112]: ++++As library of:	file:///home/keven/.local/share/nvim/lazy/lazy.nvim/lua
[15:10:41.837][info] [#0:script/workspace/loading.lua:100]: Preload file at: file:///home/keven/.local/share/nvim/lazy/lazy.nvim/lua/lazy/types.lua , size = 3.755 KB
[15:10:41.850][info] [#0:script/workspace/loading.lua:112]: ++++As library of:	file:///home/keven/.local/share/nvim/lazy/lazy.nvim/lua
[15:10:41.850][info] [#0:script/workspace/loading.lua:100]: Preload file at: file:///home/keven/.local/share/nvim/lazy/lazy.nvim/lua/lazy/init.lua , size = 3.749 KB
[15:10:41.861][info] [#0:script/workspace/loading.lua:112]: ++++As library of:	file:///home/keven/.local/share/nvim/lazy/lazy.nvim/lua
[15:10:41.862][info] [#0:script/workspace/loading.lua:100]: Preload file at: file:///home/keven/.local/share/nvim/lazy/lazy.nvim/lua/lazy/state.lua , size = 0.859 KB
[15:10:41.864][info] [#0:script/workspace/loading.lua:112]: ++++As library of:	file:///home/keven/.local/share/nvim/lazy/lazy.nvim/lua
[15:10:41.865][info] [#0:script/workspace/loading.lua:100]: Preload file at: file:///home/keven/.local/share/nvim/mason/packages/lua-language-server/libexec/meta/LuaJIT%20en-us%20utf8/bit.lua , size = 1.243 KB
[15:10:41.868][info] [#0:script/workspace/loading.lua:112]: ++++As library of:	file:///home/keven/.local/share/nvim/mason/packages/lua-language-server/libexec/meta/LuaJIT%20en-us%20utf8/bit.lua
[15:10:41.869][info] [#0:script/workspace/loading.lua:100]: Preload file at: file:///home/keven/.local/share/nvim/mason/packages/lua-language-server/libexec/meta/3rd/luv/library/uv_prepare_t.lua , size = 0.716 KB
[15:10:41.871][info] [#0:script/workspace/loading.lua:112]: ++++As library of:	file:///home/keven/.local/share/nvim/mason/packages/lua-language-server/libexec/meta/3rd/luv/library
[15:10:41.871][info] [#0:script/workspace/loading.lua:100]: Preload file at: file:///home/keven/.local/share/nvim/mason/packages/lua-language-server/libexec/meta/3rd/luv/library/uv_tty_t.lua , size = 1.135 KB
[15:10:41.875][info] [#0:script/workspace/loading.lua:112]: ++++As library of:	file:///home/keven/.local/share/nvim/mason/packages/lua-language-server/libexec/meta/3rd/luv/library
[15:10:41.875][info] [#0:script/workspace/loading.lua:100]: Preload file at: file:///home/keven/.local/share/nvim/mason/packages/lua-language-server/libexec/meta/3rd/luv/library/uv_process_t.lua , size = 0.617 KB
[15:10:41.877][info] [#0:script/workspace/loading.lua:112]: ++++As library of:	file:///home/keven/.local/share/nvim/mason/packages/lua-language-server/libexec/meta/3rd/luv/library
[15:10:41.877][info] [#0:script/workspace/loading.lua:100]: Preload file at: file:///home/keven/.local/share/nvim/mason/packages/lua-language-server/libexec/meta/3rd/luv/library/luv_work_ctx_t.lua , size = 0.530 KB
[15:10:41.879][info] [#0:script/workspace/loading.lua:112]: ++++As library of:	file:///home/keven/.local/share/nvim/mason/packages/lua-language-server/libexec/meta/3rd/luv/library
[15:10:41.880][info] [#0:script/workspace/loading.lua:100]: Preload file at: file:///home/keven/.local/share/nvim/mason/packages/lua-language-server/libexec/meta/3rd/luv/library/uv_stream_t.lua , size = 5.906 KB
[15:10:41.888][info] [#0:script/workspace/loading.lua:112]: ++++As library of:	file:///home/keven/.local/share/nvim/mason/packages/lua-language-server/libexec/meta/3rd/luv/library
[15:10:41.888][info] [#0:script/workspace/loading.lua:100]: Preload file at: file:///home/keven/.local/share/nvim/mason/packages/lua-language-server/libexec/meta/3rd/luv/library/uv_fs_poll_t.lua , size = 1.140 KB
[15:10:41.890][info] [#0:script/workspace/loading.lua:112]: ++++As library of:	file:///home/keven/.local/share/nvim/mason/packages/lua-language-server/libexec/meta/3rd/luv/library
[15:10:41.890][info] [#0:script/workspace/loading.lua:100]: Preload file at: file:///home/keven/.local/share/nvim/mason/packages/lua-language-server/libexec/meta/3rd/luv/library/luv_thread_t.lua , size = 0.500 KB
[15:10:41.891][info] [#0:script/workspace/loading.lua:112]: ++++As library of:	file:///home/keven/.local/share/nvim/mason/packages/lua-language-server/libexec/meta/3rd/luv/library
[15:10:41.892][info] [#0:script/workspace/loading.lua:100]: Preload file at: file:///home/keven/.local/share/nvim/mason/packages/lua-language-server/libexec/meta/3rd/luv/library/errors.lua , size = 15.165 KB
[15:10:41.905][info] [#0:script/workspace/loading.lua:112]: ++++As library of:	file:///home/keven/.local/share/nvim/mason/packages/lua-language-server/libexec/meta/3rd/luv/library
[15:10:41.905][info] [#0:script/workspace/loading.lua:100]: Preload file at: file:///home/keven/.local/share/nvim/mason/packages/lua-language-server/libexec/meta/3rd/luv/library/uv_fs_event_t.lua , size = 1.033 KB
[15:10:41.907][info] [#0:script/workspace/loading.lua:112]: ++++As library of:	file:///home/keven/.local/share/nvim/mason/packages/lua-language-server/libexec/meta/3rd/luv/library
[15:10:41.908][info] [#0:script/workspace/loading.lua:100]: Preload file at: file:///home/keven/.local/share/nvim/mason/packages/lua-language-server/libexec/meta/3rd/luv/library/uv_handle_t.lua , size = 5.129 KB
[15:10:41.913][info] [#0:script/workspace/loading.lua:112]: ++++As library of:	file:///home/keven/.local/share/nvim/mason/packages/lua-language-server/libexec/meta/3rd/luv/library
[15:10:41.913][info] [#0:script/workspace/loading.lua:100]: Preload file at: file:///home/keven/.local/share/nvim/mason/packages/lua-language-server/libexec/meta/3rd/luv/library/uv_udp_t.lua , size = 5.970 KB
[15:10:41.921][info] [#0:script/workspace/loading.lua:112]: ++++As library of:	file:///home/keven/.local/share/nvim/mason/packages/lua-language-server/libexec/meta/3rd/luv/library
[15:10:41.921][info] [#0:script/workspace/loading.lua:100]: Preload file at: file:///home/keven/.local/share/nvim/mason/packages/lua-language-server/libexec/meta/3rd/luv/library/uv_req_t.lua , size = 0.705 KB
[15:10:41.923][info] [#0:script/workspace/loading.lua:112]: ++++As library of:	file:///home/keven/.local/share/nvim/mason/packages/lua-language-server/libexec/meta/3rd/luv/library
[15:10:41.923][info] [#0:script/workspace/loading.lua:100]: Preload file at: file:///home/keven/.local/share/nvim/mason/packages/lua-language-server/libexec/meta/3rd/luv/library/uv_tcp_t.lua , size = 3.923 KB
[15:10:41.928][info] [#0:script/workspace/loading.lua:112]: ++++As library of:	file:///home/keven/.local/share/nvim/mason/packages/lua-language-server/libexec/meta/3rd/luv/library
[15:10:41.928][info] [#0:script/workspace/loading.lua:100]: Preload file at: file:///home/keven/.local/share/nvim/mason/packages/lua-language-server/libexec/meta/3rd/luv/library/uv_check_t.lua , size = 0.694 KB
[15:10:41.930][info] [#0:script/workspace/loading.lua:112]: ++++As library of:	file:///home/keven/.local/share/nvim/mason/packages/lua-language-server/libexec/meta/3rd/luv/library
[15:10:41.930][info] [#0:script/workspace/loading.lua:100]: Preload file at: file:///home/keven/.local/share/nvim/mason/packages/lua-language-server/libexec/meta/3rd/luv/library/uv_idle_t.lua , size = 1.074 KB
[15:10:41.931][info] [#0:script/workspace/loading.lua:112]: ++++As library of:	file:///home/keven/.local/share/nvim/mason/packages/lua-language-server/libexec/meta/3rd/luv/library
[15:10:41.932][info] [#0:script/workspace/loading.lua:100]: Preload file at: file:///home/keven/.local/share/nvim/mason/packages/lua-language-server/libexec/meta/3rd/luv/library/uv.lua , size = 98.128 KB
[15:10:42.096][warn] [#0:script/files.lua:560]: Parse LuaDoc of [file:///home/keven/.local/share/nvim/mason/packages/lua-language-server/libexec/meta/3rd/luv/library/uv.lua] takes [0.136] sec, size [100.483] kb.
[15:10:42.109][info] [#0:script/workspace/loading.lua:112]: ++++As library of:	file:///home/keven/.local/share/nvim/mason/packages/lua-language-server/libexec/meta/3rd/luv/library
[15:10:42.109][info] [#0:script/workspace/loading.lua:100]: Preload file at: file:///home/keven/.local/share/nvim/mason/packages/lua-language-server/libexec/meta/3rd/luv/library/uv_poll_t.lua , size = 2.646 KB
[15:10:42.111][info] [#0:script/workspace/loading.lua:112]: ++++As library of:	file:///home/keven/.local/share/nvim/mason/packages/lua-language-server/libexec/meta/3rd/luv/library
[15:10:42.111][info] [#0:script/workspace/loading.lua:100]: Preload file at: file:///home/keven/.local/share/nvim/mason/packages/lua-language-server/libexec/meta/3rd/luv/library/types.lua , size = 17.131 KB
[15:10:42.139][info] [#0:script/workspace/loading.lua:112]: ++++As library of:	file:///home/keven/.local/share/nvim/mason/packages/lua-language-server/libexec/meta/3rd/luv/library
[15:10:42.139][info] [#0:script/workspace/loading.lua:100]: Preload file at: file:///home/keven/.local/share/nvim/mason/packages/lua-language-server/libexec/meta/3rd/luv/library/uv_async_t.lua , size = 1.058 KB
[15:10:42.141][info] [#0:script/workspace/loading.lua:112]: ++++As library of:	file:///home/keven/.local/share/nvim/mason/packages/lua-language-server/libexec/meta/3rd/luv/library
[15:10:42.141][info] [#0:script/workspace/loading.lua:100]: Preload file at: file:///home/keven/.local/share/nvim/mason/packages/lua-language-server/libexec/meta/3rd/luv/library/luv_dir_t.lua , size = 1.056 KB
[15:10:42.143][info] [#0:script/workspace/loading.lua:112]: ++++As library of:	file:///home/keven/.local/share/nvim/mason/packages/lua-language-server/libexec/meta/3rd/luv/library
[15:10:42.143][info] [#0:script/workspace/loading.lua:100]: Preload file at: file:///home/keven/.local/share/nvim/mason/packages/lua-language-server/libexec/meta/3rd/luv/library/uv_signal_t.lua , size = 2.997 KB
[15:10:42.146][info] [#0:script/workspace/loading.lua:112]: ++++As library of:	file:///home/keven/.local/share/nvim/mason/packages/lua-language-server/libexec/meta/3rd/luv/library
[15:10:42.146][info] [#0:script/workspace/loading.lua:100]: Preload file at: file:///home/keven/.local/share/nvim/mason/packages/lua-language-server/libexec/meta/3rd/luv/library/uv_timer_t.lua , size = 1.999 KB
[15:10:42.149][info] [#0:script/workspace/loading.lua:112]: ++++As library of:	file:///home/keven/.local/share/nvim/mason/packages/lua-language-server/libexec/meta/3rd/luv/library
[15:10:42.149][info] [#0:script/workspace/loading.lua:100]: Preload file at: file:///home/keven/.local/share/nvim/mason/packages/lua-language-server/libexec/meta/3rd/luv/library/uv_pipe_t.lua , size = 2.988 KB
[15:10:42.154][info] [#0:script/workspace/loading.lua:112]: ++++As library of:	file:///home/keven/.local/share/nvim/mason/packages/lua-language-server/libexec/meta/3rd/luv/library
[15:10:42.154][info] [#0:script/workspace/loading.lua:100]: Preload file at: file:///home/keven/.local/share/nvim/lazy/LazyVim/lua/lazyvim/util/treesitter.lua , size = 4.438 KB
[15:10:42.162][info] [#0:script/workspace/loading.lua:112]: ++++As library of:	file:///home/keven/.local/share/nvim/lazy/LazyVim/lua
[15:10:42.162][info] [#0:script/workspace/loading.lua:100]: Preload file at: file:///home/keven/.local/share/nvim/lazy/LazyVim/lua/lazyvim/util/lsp.lua , size = 2.298 KB
[15:10:42.176][info] [#0:script/workspace/loading.lua:112]: ++++As library of:	file:///home/keven/.local/share/nvim/lazy/LazyVim/lua
[15:10:42.176][info] [#0:script/workspace/loading.lua:100]: Preload file at: file:///home/keven/.local/share/nvim/lazy/LazyVim/lua/lazyvim/util/inject.lua , size = 0.864 KB
[15:10:42.179][info] [#0:script/workspace/loading.lua:112]: ++++As library of:	file:///home/keven/.local/share/nvim/lazy/LazyVim/lua
[15:10:42.179][info] [#0:script/workspace/loading.lua:100]: Preload file at: file:///home/keven/.local/share/nvim/lazy/LazyVim/lua/lazyvim/util/lualine.lua , size = 5.316 KB
[15:10:42.188][info] [#0:script/workspace/loading.lua:112]: ++++As library of:	file:///home/keven/.local/share/nvim/lazy/LazyVim/lua
[15:10:42.188][info] [#0:script/workspace/loading.lua:100]: Preload file at: file:///home/keven/.local/share/nvim/lazy/LazyVim/lua/lazyvim/util/cmp.lua , size = 5.561 KB
[15:10:42.195][info] [#0:script/workspace/loading.lua:112]: ++++As library of:	file:///home/keven/.local/share/nvim/lazy/LazyVim/lua
[15:10:42.195][info] [#0:script/workspace/loading.lua:100]: Preload file at: file:///home/keven/.local/share/nvim/lazy/LazyVim/lua/lazyvim/util/plugin.lua , size = 5.026 KB
[15:10:42.201][info] [#0:script/workspace/loading.lua:112]: ++++As library of:	file:///home/keven/.local/share/nvim/lazy/LazyVim/lua
[15:10:42.201][info] [#0:script/workspace/loading.lua:100]: Preload file at: file:///home/keven/.local/share/nvim/lazy/LazyVim/lua/lazyvim/util/extras.lua , size = 9.910 KB
[15:10:42.226][info] [#0:script/workspace/loading.lua:112]: ++++As library of:	file:///home/keven/.local/share/nvim/lazy/LazyVim/lua
[15:10:42.227][info] [#0:script/workspace/loading.lua:100]: Preload file at: file:///home/keven/.local/share/nvim/lazy/LazyVim/lua/lazyvim/util/deprecated.lua , size = 2.176 KB
[15:10:42.230][info] [#0:script/workspace/loading.lua:112]: ++++As library of:	file:///home/keven/.local/share/nvim/lazy/LazyVim/lua
[15:10:42.230][info] [#0:script/workspace/loading.lua:100]: Preload file at: file:///home/keven/.local/share/nvim/lazy/LazyVim/lua/lazyvim/util/format.lua , size = 5.351 KB
[15:10:42.237][info] [#0:script/workspace/loading.lua:112]: ++++As library of:	file:///home/keven/.local/share/nvim/lazy/LazyVim/lua
[15:10:42.237][info] [#0:script/workspace/loading.lua:100]: Preload file at: file:///home/keven/.local/share/nvim/lazy/LazyVim/lua/lazyvim/util/pick.lua , size = 1.844 KB
[15:10:42.240][info] [#0:script/workspace/loading.lua:112]: ++++As library of:	file:///home/keven/.local/share/nvim/lazy/LazyVim/lua
[15:10:42.240][info] [#0:script/workspace/loading.lua:100]: Preload file at: file:///home/keven/.local/share/nvim/lazy/LazyVim/lua/lazyvim/util/mini.lua , size = 4.214 KB
[15:10:42.246][info] [#0:script/workspace/loading.lua:112]: ++++As library of:	file:///home/keven/.local/share/nvim/lazy/LazyVim/lua
[15:10:42.246][info] [#0:script/workspace/loading.lua:100]: Preload file at: file:///home/keven/.local/share/nvim/lazy/LazyVim/lua/lazyvim/util/terminal.lua , size = 1.168 KB
[15:10:42.248][info] [#0:script/workspace/loading.lua:112]: ++++As library of:	file:///home/keven/.local/share/nvim/lazy/LazyVim/lua
[15:10:42.248][info] [#0:script/workspace/loading.lua:100]: Preload file at: file:///home/keven/.local/share/nvim/lazy/LazyVim/lua/lazyvim/util/init.lua , size = 9.730 KB
[15:10:42.268][info] [#0:script/workspace/loading.lua:112]: ++++As library of:	file:///home/keven/.local/share/nvim/lazy/LazyVim/lua
[15:10:42.269][info] [#0:script/workspace/loading.lua:100]: Preload file at: file:///home/keven/.local/share/nvim/lazy/LazyVim/lua/lazyvim/util/json.lua , size = 3.443 KB
[15:10:42.274][info] [#0:script/workspace/loading.lua:112]: ++++As library of:	file:///home/keven/.local/share/nvim/lazy/LazyVim/lua
[15:10:42.276][info] [#0:script/workspace/loading.lua:100]: Preload file at: file:///home/keven/.local/share/nvim/lazy/LazyVim/lua/lazyvim/util/root.lua , size = 5.630 KB
[15:10:42.285][info] [#0:script/workspace/loading.lua:112]: ++++As library of:	file:///home/keven/.local/share/nvim/lazy/LazyVim/lua
[15:10:42.285][info] [#0:script/workspace/loading.lua:100]: Preload file at: file:///home/keven/.local/share/nvim/lazy/LazyVim/lua/lazyvim/util/news.lua , size = 2.121 KB
[15:10:42.288][info] [#0:script/workspace/loading.lua:112]: ++++As library of:	file:///home/keven/.local/share/nvim/lazy/LazyVim/lua
[15:10:42.288][info] [#0:script/workspace/loading.lua:100]: Preload file at: file:///home/keven/.local/share/nvim/lazy/LazyVim/lua/lazyvim/health.lua , size = 1.700 KB
[15:10:42.291][info] [#0:script/workspace/loading.lua:112]: ++++As library of:	file:///home/keven/.local/share/nvim/lazy/LazyVim/lua
[15:10:42.291][info] [#0:script/workspace/loading.lua:100]: Preload file at: file:///home/keven/.local/share/nvim/lazy/LazyVim/lua/lazyvim/plugins/linting.lua , size = 3.621 KB
[15:10:42.294][info] [#0:script/workspace/loading.lua:112]: ++++As library of:	file:///home/keven/.local/share/nvim/lazy/LazyVim/lua
[15:10:42.294][info] [#0:script/workspace/loading.lua:100]: Preload file at: file:///home/keven/.local/share/nvim/lazy/LazyVim/lua/lazyvim/plugins/treesitter.lua , size = 6.828 KB
[15:10:42.300][info] [#0:script/workspace/loading.lua:112]: ++++As library of:	file:///home/keven/.local/share/nvim/lazy/LazyVim/lua
[15:10:42.300][info] [#0:script/workspace/loading.lua:100]: Preload file at: file:///home/keven/.local/share/nvim/lazy/LazyVim/lua/lazyvim/plugins/util.lua , size = 2.166 KB
[15:10:42.302][info] [#0:script/workspace/loading.lua:112]: ++++As library of:	file:///home/keven/.local/share/nvim/lazy/LazyVim/lua
[15:10:42.303][info] [#0:script/workspace/loading.lua:100]: Preload file at: file:///home/keven/.local/share/nvim/lazy/LazyVim/lua/lazyvim/plugins/colorscheme.lua , size = 1.379 KB
[15:10:42.313][info] [#0:script/workspace/loading.lua:112]: ++++As library of:	file:///home/keven/.local/share/nvim/lazy/LazyVim/lua
[15:10:42.313][info] [#0:script/workspace/loading.lua:100]: Preload file at: file:///home/keven/.local/share/nvim/lazy/LazyVim/lua/lazyvim/plugins/ui.lua , size = 12.449 KB
[15:10:42.323][info] [#0:script/workspace/loading.lua:112]: ++++As library of:	file:///home/keven/.local/share/nvim/lazy/LazyVim/lua
[15:10:42.323][info] [#0:script/workspace/loading.lua:100]: Preload file at: file:///home/keven/.local/share/nvim/lazy/LazyVim/lua/lazyvim/plugins/formatting.lua , size = 3.232 KB
[15:10:42.326][info] [#0:script/workspace/loading.lua:112]: ++++As library of:	file:///home/keven/.local/share/nvim/lazy/LazyVim/lua
[15:10:42.326][info] [#0:script/workspace/loading.lua:100]: Preload file at: file:///home/keven/.local/share/nvim/lazy/LazyVim/lua/lazyvim/plugins/extras/editor/harpoon2.lua , size = 0.805 KB
[15:10:42.327][info] [#0:script/workspace/loading.lua:112]: ++++As library of:	file:///home/keven/.local/share/nvim/lazy/LazyVim/lua
[15:10:42.327][info] [#0:script/workspace/loading.lua:100]: Preload file at: file:///home/keven/.local/share/nvim/lazy/LazyVim/lua/lazyvim/plugins/extras/editor/outline.lua , size = 1.504 KB
[15:10:42.329][info] [#0:script/workspace/loading.lua:112]: ++++As library of:	file:///home/keven/.local/share/nvim/lazy/LazyVim/lua
[15:10:42.329][info] [#0:script/workspace/loading.lua:100]: Preload file at: file:///home/keven/.local/share/nvim/lazy/LazyVim/lua/lazyvim/plugins/extras/editor/refactoring.lua , size = 3.869 KB
[15:10:42.332][info] [#0:script/workspace/loading.lua:112]: ++++As library of:	file:///home/keven/.local/share/nvim/lazy/LazyVim/lua
[15:10:42.332][info] [#0:script/workspace/loading.lua:100]: Preload file at: file:///home/keven/.local/share/nvim/lazy/LazyVim/lua/lazyvim/plugins/extras/editor/fzf.lua , size = 11.436 KB
[15:10:42.341][info] [#0:script/workspace/loading.lua:112]: ++++As library of:	file:///home/keven/.local/share/nvim/lazy/LazyVim/lua
[15:10:42.341][info] [#0:script/workspace/loading.lua:100]: Preload file at: file:///home/keven/.local/share/nvim/lazy/LazyVim/lua/lazyvim/plugins/extras/editor/dial.lua , size = 5.035 KB
[15:10:42.352][info] [#0:script/workspace/loading.lua:112]: ++++As library of:	file:///home/keven/.local/share/nvim/lazy/LazyVim/lua
[15:10:42.353][info] [#0:script/workspace/loading.lua:100]: Preload file at: file:///home/keven/.local/share/nvim/lazy/LazyVim/lua/lazyvim/plugins/extras/editor/navic.lua , size = 0.892 KB
[15:10:42.354][info] [#0:script/workspace/loading.lua:112]: ++++As library of:	file:///home/keven/.local/share/nvim/lazy/LazyVim/lua
[15:10:42.354][info] [#0:script/workspace/loading.lua:100]: Preload file at: file:///home/keven/.local/share/nvim/lazy/LazyVim/lua/lazyvim/plugins/extras/editor/overseer.lua , size = 2.321 KB
[15:10:42.356][info] [#0:script/workspace/loading.lua:112]: ++++As library of:	file:///home/keven/.local/share/nvim/lazy/LazyVim/lua
[15:10:42.356][info] [#0:script/workspace/loading.lua:100]: Preload file at: file:///home/keven/.local/share/nvim/lazy/LazyVim/lua/lazyvim/plugins/extras/editor/leap.lua , size = 1.692 KB
[15:10:42.358][info] [#0:script/workspace/loading.lua:112]: ++++As library of:	file:///home/keven/.local/share/nvim/lazy/LazyVim/lua
[15:10:42.358][info] [#0:script/workspace/loading.lua:100]: Preload file at: file:///home/keven/.local/share/nvim/lazy/LazyVim/lua/lazyvim/plugins/extras/editor/illuminate.lua , size = 1.599 KB
[15:10:42.360][info] [#0:script/workspace/loading.lua:112]: ++++As library of:	file:///home/keven/.local/share/nvim/lazy/LazyVim/lua
[15:10:42.360][info] [#0:script/workspace/loading.lua:100]: Preload file at: file:///home/keven/.local/share/nvim/lazy/LazyVim/lua/lazyvim/plugins/extras/editor/mini-move.lua , size = 0.084 KB
[15:10:42.360][info] [#0:script/workspace/loading.lua:112]: ++++As library of:	file:///home/keven/.local/share/nvim/lazy/LazyVim/lua
[15:10:42.360][info] [#0:script/workspace/loading.lua:100]: Preload file at: file:///home/keven/.local/share/nvim/lazy/LazyVim/lua/lazyvim/plugins/extras/editor/mini-files.lua , size = 3.417 KB
[15:10:42.364][info] [#0:script/workspace/loading.lua:112]: ++++As library of:	file:///home/keven/.local/share/nvim/lazy/LazyVim/lua
[15:10:42.364][info] [#0:script/workspace/loading.lua:100]: Preload file at: file:///home/keven/.local/share/nvim/lazy/LazyVim/lua/lazyvim/plugins/extras/editor/snacks_picker.lua , size = 10.333 KB
[15:10:42.376][info] [#0:script/workspace/loading.lua:112]: ++++As library of:	file:///home/keven/.local/share/nvim/lazy/LazyVim/lua
[15:10:42.376][info] [#0:script/workspace/loading.lua:100]: Preload file at: file:///home/keven/.local/share/nvim/lazy/LazyVim/lua/lazyvim/plugins/extras/editor/mini-diff.lua , size = 1.621 KB
[15:10:42.377][info] [#0:script/workspace/loading.lua:112]: ++++As library of:	file:///home/keven/.local/share/nvim/lazy/LazyVim/lua
[15:10:42.378][info] [#0:script/workspace/loading.lua:100]: Preload file at: file:///home/keven/.local/share/nvim/lazy/LazyVim/lua/lazyvim/plugins/extras/editor/telescope.lua , size = 11.788 KB
[15:10:42.395][info] [#0:script/workspace/loading.lua:112]: ++++As library of:	file:///home/keven/.local/share/nvim/lazy/LazyVim/lua
[15:10:42.398][info] [#0:script/workspace/loading.lua:100]: Preload file at: file:///home/keven/.local/share/nvim/lazy/LazyVim/lua/lazyvim/plugins/extras/editor/inc-rename.lua , size = 0.856 KB
[15:10:42.399][info] [#0:script/workspace/loading.lua:112]: ++++As library of:	file:///home/keven/.local/share/nvim/lazy/LazyVim/lua
[15:10:42.399][info] [#0:script/workspace/loading.lua:100]: Preload file at: file:///home/keven/.local/share/nvim/lazy/LazyVim/lua/lazyvim/plugins/extras/editor/neo-tree.lua , size = 3.901 KB
[15:10:42.402][info] [#0:script/workspace/loading.lua:112]: ++++As library of:	file:///home/keven/.local/share/nvim/lazy/LazyVim/lua
[15:10:42.402][info] [#0:script/workspace/loading.lua:100]: Preload file at: file:///home/keven/.local/share/nvim/lazy/LazyVim/lua/lazyvim/plugins/extras/editor/aerial.lua , size = 3.464 KB
[15:10:42.406][info] [#0:script/workspace/loading.lua:112]: ++++As library of:	file:///home/keven/.local/share/nvim/lazy/LazyVim/lua
[15:10:42.406][info] [#0:script/workspace/loading.lua:100]: Preload file at: file:///home/keven/.local/share/nvim/lazy/LazyVim/lua/lazyvim/plugins/extras/editor/snacks_explorer.lua , size = 0.565 KB
[15:10:42.408][info] [#0:script/workspace/loading.lua:112]: ++++As library of:	file:///home/keven/.local/share/nvim/lazy/LazyVim/lua
[15:10:42.408][info] [#0:script/workspace/loading.lua:100]: Preload file at: file:///home/keven/.local/share/nvim/lazy/LazyVim/lua/lazyvim/plugins/extras/util/gitui.lua , size = 0.782 KB
[15:10:42.409][info] [#0:script/workspace/loading.lua:112]: ++++As library of:	file:///home/keven/.local/share/nvim/lazy/LazyVim/lua
[15:10:42.409][info] [#0:script/workspace/loading.lua:100]: Preload file at: file:///home/keven/.local/share/nvim/lazy/LazyVim/lua/lazyvim/plugins/extras/util/rest.lua , size = 1.754 KB
[15:10:42.410][info] [#0:script/workspace/loading.lua:112]: ++++As library of:	file:///home/keven/.local/share/nvim/lazy/LazyVim/lua
[15:10:42.410][info] [#0:script/workspace/loading.lua:100]: Preload file at: file:///home/keven/.local/share/nvim/lazy/LazyVim/lua/lazyvim/plugins/extras/util/dot.lua , size = 1.398 KB
[15:10:42.412][info] [#0:script/workspace/loading.lua:112]: ++++As library of:	file:///home/keven/.local/share/nvim/lazy/LazyVim/lua
[15:10:42.412][info] [#0:script/workspace/loading.lua:100]: Preload file at: file:///home/keven/.local/share/nvim/lazy/LazyVim/lua/lazyvim/plugins/extras/util/startuptime.lua , size = 0.146 KB
[15:10:42.413][info] [#0:script/workspace/loading.lua:112]: ++++As library of:	file:///home/keven/.local/share/nvim/lazy/LazyVim/lua
[15:10:42.413][info] [#0:script/workspace/loading.lua:100]: Preload file at: file:///home/keven/.local/share/nvim/lazy/LazyVim/lua/lazyvim/plugins/extras/util/gh.lua , size = 2.351 KB
[15:10:42.415][info] [#0:script/workspace/loading.lua:112]: ++++As library of:	file:///home/keven/.local/share/nvim/lazy/LazyVim/lua
[15:10:42.415][info] [#0:script/workspace/loading.lua:100]: Preload file at: file:///home/keven/.local/share/nvim/lazy/LazyVim/lua/lazyvim/plugins/extras/util/mini-hipatterns.lua , size = 8.484 KB
[15:10:42.433][info] [#0:script/workspace/loading.lua:112]: ++++As library of:	file:///home/keven/.local/share/nvim/lazy/LazyVim/lua
[15:10:42.433][info] [#0:script/workspace/loading.lua:100]: Preload file at: file:///home/keven/.local/share/nvim/lazy/LazyVim/lua/lazyvim/plugins/extras/util/chezmoi.lua , size = 4.157 KB
[15:10:42.438][info] [#0:script/workspace/loading.lua:112]: ++++As library of:	file:///home/keven/.local/share/nvim/lazy/LazyVim/lua
[15:10:42.438][info] [#0:script/workspace/loading.lua:100]: Preload file at: file:///home/keven/.local/share/nvim/lazy/LazyVim/lua/lazyvim/plugins/extras/util/octo.lua , size = 2.985 KB
[15:10:42.441][info] [#0:script/workspace/loading.lua:112]: ++++As library of:	file:///home/keven/.local/share/nvim/lazy/LazyVim/lua
[15:10:42.441][info] [#0:script/workspace/loading.lua:100]: Preload file at: file:///home/keven/.local/share/nvim/lazy/LazyVim/lua/lazyvim/plugins/extras/util/project.lua , size = 4.759 KB
[15:10:42.446][info] [#0:script/workspace/loading.lua:112]: ++++As library of:	file:///home/keven/.local/share/nvim/lazy/LazyVim/lua
[15:10:42.446][info] [#0:script/workspace/loading.lua:100]: Preload file at: file:///home/keven/.local/share/nvim/lazy/LazyVim/lua/lazyvim/plugins/extras/linting/eslint.lua , size = 1.034 KB
[15:10:42.447][info] [#0:script/workspace/loading.lua:112]: ++++As library of:	file:///home/keven/.local/share/nvim/lazy/LazyVim/lua
[15:10:42.447][info] [#0:script/workspace/loading.lua:100]: Preload file at: file:///home/keven/.local/share/nvim/lazy/LazyVim/lua/lazyvim/plugins/extras/ai/avante.lua , size = 2.462 KB
[15:10:42.449][info] [#0:script/workspace/loading.lua:112]: ++++As library of:	file:///home/keven/.local/share/nvim/lazy/LazyVim/lua
[15:10:42.450][info] [#0:script/workspace/loading.lua:100]: Preload file at: file:///home/keven/.local/share/nvim/lazy/LazyVim/lua/lazyvim/plugins/extras/ai/claudecode.lua , size = 0.886 KB
[15:10:42.451][info] [#0:script/workspace/loading.lua:112]: ++++As library of:	file:///home/keven/.local/share/nvim/lazy/LazyVim/lua
[15:10:42.452][info] [#0:script/workspace/loading.lua:100]: Preload file at: file:///home/keven/.local/share/nvim/lazy/LazyVim/lua/lazyvim/plugins/extras/ai/codeium.lua , size = 1.620 KB
[15:10:42.454][info] [#0:script/workspace/loading.lua:112]: ++++As library of:	file:///home/keven/.local/share/nvim/lazy/LazyVim/lua
[15:10:42.454][info] [#0:script/workspace/loading.lua:100]: Preload file at: file:///home/keven/.local/share/nvim/lazy/LazyVim/lua/lazyvim/plugins/extras/ai/sidekick.lua , size = 4.253 KB
[15:10:42.460][info] [#0:script/workspace/loading.lua:112]: ++++As library of:	file:///home/keven/.local/share/nvim/lazy/LazyVim/lua
[15:10:42.460][info] [#0:script/workspace/loading.lua:100]: Preload file at: file:///home/keven/.local/share/nvim/lazy/LazyVim/lua/lazyvim/plugins/extras/ai/copilot-native.lua , size = 2.705 KB
[15:10:42.464][info] [#0:script/workspace/loading.lua:112]: ++++As library of:	file:///home/keven/.local/share/nvim/lazy/LazyVim/lua
[15:10:42.466][info] [#0:script/workspace/loading.lua:100]: Preload file at: file:///home/keven/.local/share/nvim/lazy/LazyVim/lua/lazyvim/plugins/extras/ai/supermaven.lua , size = 2.188 KB
[15:10:42.468][info] [#0:script/workspace/loading.lua:112]: ++++As library of:	file:///home/keven/.local/share/nvim/lazy/LazyVim/lua
[15:10:42.468][info] [#0:script/workspace/loading.lua:100]: Preload file at: file:///home/keven/.local/share/nvim/lazy/LazyVim/lua/lazyvim/plugins/extras/ai/copilot.lua , size = 3.398 KB
[15:10:42.479][info] [#0:script/workspace/loading.lua:112]: ++++As library of:	file:///home/keven/.local/share/nvim/lazy/LazyVim/lua
[15:10:42.480][info] [#0:script/workspace/loading.lua:100]: Preload file at: file:///home/keven/.local/share/nvim/lazy/LazyVim/lua/lazyvim/plugins/extras/ai/tabnine.lua , size = 1.509 KB
[15:10:42.481][info] [#0:script/workspace/loading.lua:112]: ++++As library of:	file:///home/keven/.local/share/nvim/lazy/LazyVim/lua
[15:10:42.481][info] [#0:script/workspace/loading.lua:100]: Preload file at: file:///home/keven/.local/share/nvim/lazy/LazyVim/lua/lazyvim/plugins/extras/ai/copilot-chat.lua , size = 2.546 KB
[15:10:42.484][info] [#0:script/workspace/loading.lua:112]: ++++As library of:	file:///home/keven/.local/share/nvim/lazy/LazyVim/lua
[15:10:42.484][info] [#0:script/workspace/loading.lua:100]: Preload file at: file:///home/keven/.local/share/nvim/lazy/LazyVim/lua/lazyvim/plugins/extras/vscode.lua , size = 2.303 KB
[15:10:42.486][info] [#0:script/workspace/loading.lua:112]: ++++As library of:	file:///home/keven/.local/share/nvim/lazy/LazyVim/lua
[15:10:42.487][info] [#0:script/workspace/loading.lua:100]: Preload file at: file:///home/keven/.local/share/nvim/lazy/LazyVim/lua/lazyvim/plugins/extras/test/core.lua , size = 4.968 KB
[15:10:42.493][info] [#0:script/workspace/loading.lua:112]: ++++As library of:	file:///home/keven/.local/share/nvim/lazy/LazyVim/lua
[15:10:42.493][info] [#0:script/workspace/loading.lua:100]: Preload file at: file:///home/keven/.local/share/nvim/lazy/LazyVim/lua/lazyvim/plugins/extras/lang/erlang.lua , size = 0.353 KB
[15:10:42.493][info] [#0:script/workspace/loading.lua:112]: ++++As library of:	file:///home/keven/.local/share/nvim/lazy/LazyVim/lua
[15:10:42.494][info] [#0:script/workspace/loading.lua:100]: Preload file at: file:///home/keven/.local/share/nvim/lazy/LazyVim/lua/lazyvim/plugins/extras/lang/docker.lua , size = 0.993 KB
[15:10:42.495][info] [#0:script/workspace/loading.lua:112]: ++++As library of:	file:///home/keven/.local/share/nvim/lazy/LazyVim/lua
[15:10:42.495][info] [#0:script/workspace/loading.lua:100]: Preload file at: file:///home/keven/.local/share/nvim/lazy/LazyVim/lua/lazyvim/plugins/extras/lang/toml.lua , size = 0.207 KB
[15:10:42.495][info] [#0:script/workspace/loading.lua:112]: ++++As library of:	file:///home/keven/.local/share/nvim/lazy/LazyVim/lua
[15:10:42.495][info] [#0:script/workspace/loading.lua:100]: Preload file at: file:///home/keven/.local/share/nvim/lazy/LazyVim/lua/lazyvim/plugins/extras/lang/zig.lua , size = 0.538 KB
[15:10:42.496][info] [#0:script/workspace/loading.lua:112]: ++++As library of:	file:///home/keven/.local/share/nvim/lazy/LazyVim/lua
[15:10:42.496][info] [#0:script/workspace/loading.lua:100]: Preload file at: file:///home/keven/.local/share/nvim/lazy/LazyVim/lua/lazyvim/plugins/extras/lang/java.lua , size = 10.279 KB
[15:10:42.505][info] [#0:script/workspace/loading.lua:112]: ++++As library of:	file:///home/keven/.local/share/nvim/lazy/LazyVim/lua
[15:10:42.505][info] [#0:script/workspace/loading.lua:100]: Preload file at: file:///home/keven/.local/share/nvim/lazy/LazyVim/lua/lazyvim/plugins/extras/lang/cmake.lua , size = 1.384 KB
[15:10:42.507][info] [#0:script/workspace/loading.lua:112]: ++++As library of:	file:///home/keven/.local/share/nvim/lazy/LazyVim/lua
[15:10:42.508][info] [#0:script/workspace/loading.lua:100]: Preload file at: file:///home/keven/.local/share/nvim/lazy/LazyVim/lua/lazyvim/plugins/extras/lang/dart.lua , size = 0.646 KB
[15:10:42.509][info] [#0:script/workspace/loading.lua:112]: ++++As library of:	file:///home/keven/.local/share/nvim/lazy/LazyVim/lua
[15:10:42.509][info] [#0:script/workspace/loading.lua:100]: Preload file at: file:///home/keven/.local/share/nvim/lazy/LazyVim/lua/lazyvim/plugins/extras/lang/nix.lua , size = 0.544 KB
[15:10:42.516][info] [#0:script/workspace/loading.lua:112]: ++++As library of:	file:///home/keven/.local/share/nvim/lazy/LazyVim/lua
[15:10:42.517][info] [#0:script/workspace/loading.lua:100]: Preload file at: file:///home/keven/.local/share/nvim/lazy/LazyVim/lua/lazyvim/plugins/extras/lang/gleam.lua , size = 0.404 KB
[15:10:42.517][info] [#0:script/workspace/loading.lua:112]: ++++As library of:	file:///home/keven/.local/share/nvim/lazy/LazyVim/lua
[15:10:42.517][info] [#0:script/workspace/loading.lua:100]: Preload file at: file:///home/keven/.local/share/nvim/lazy/LazyVim/lua/lazyvim/plugins/extras/lang/terraform.lua , size = 1.915 KB
[15:10:42.519][info] [#0:script/workspace/loading.lua:112]: ++++As library of:	file:///home/keven/.local/share/nvim/lazy/LazyVim/lua
[15:10:42.520][info] [#0:script/workspace/loading.lua:100]: Preload file at: file:///home/keven/.local/share/nvim/lazy/LazyVim/lua/lazyvim/plugins/extras/lang/scala.lua , size = 2.627 KB
[15:10:42.523][info] [#0:script/workspace/loading.lua:112]: ++++As library of:	file:///home/keven/.local/share/nvim/lazy/LazyVim/lua
[15:10:42.523][info] [#0:script/workspace/loading.lua:100]: Preload file at: file:///home/keven/.local/share/nvim/lazy/LazyVim/lua/lazyvim/plugins/extras/lang/nushell.lua , size = 0.242 KB
[15:10:42.524][info] [#0:script/workspace/loading.lua:112]: ++++As library of:	file:///home/keven/.local/share/nvim/lazy/LazyVim/lua
[15:10:42.524][info] [#0:script/workspace/loading.lua:100]: Preload file at: file:///home/keven/.local/share/nvim/lazy/LazyVim/lua/lazyvim/plugins/extras/lang/thrift.lua , size = 0.271 KB
[15:10:42.525][info] [#0:script/workspace/loading.lua:112]: ++++As library of:	file:///home/keven/.local/share/nvim/lazy/LazyVim/lua
[15:10:42.525][info] [#0:script/workspace/loading.lua:100]: Preload file at: file:///home/keven/.local/share/nvim/lazy/LazyVim/lua/lazyvim/plugins/extras/lang/elixir.lua , size = 2.505 KB
[15:10:42.527][info] [#0:script/workspace/loading.lua:112]: ++++As library of:	file:///home/keven/.local/share/nvim/lazy/LazyVim/lua
[15:10:42.528][info] [#0:script/workspace/loading.lua:100]: Preload file at: file:///home/keven/.local/share/nvim/lazy/LazyVim/lua/lazyvim/plugins/extras/lang/php.lua , size = 1.968 KB
[15:10:42.530][info] [#0:script/workspace/loading.lua:112]: ++++As library of:	file:///home/keven/.local/share/nvim/lazy/LazyVim/lua
[15:10:42.530][info] [#0:script/workspace/loading.lua:100]: Preload file at: file:///home/keven/.local/share/nvim/lazy/LazyVim/lua/lazyvim/plugins/extras/lang/prisma.lua , size = 0.314 KB
[15:10:42.530][info] [#0:script/workspace/loading.lua:112]: ++++As library of:	file:///home/keven/.local/share/nvim/lazy/LazyVim/lua
[15:10:42.530][info] [#0:script/workspace/loading.lua:100]: Preload file at: file:///home/keven/.local/share/nvim/lazy/LazyVim/lua/lazyvim/plugins/extras/lang/go.lua , size = 4.354 KB
[15:10:42.534][info] [#0:script/workspace/loading.lua:112]: ++++As library of:	file:///home/keven/.local/share/nvim/lazy/LazyVim/lua
[15:10:42.535][info] [#0:script/workspace/loading.lua:100]: Preload file at: file:///home/keven/.local/share/nvim/lazy/LazyVim/lua/lazyvim/plugins/extras/lang/julia.lua , size = 1.319 KB
[15:10:42.540][info] [#0:script/workspace/loading.lua:112]: ++++As library of:	file:///home/keven/.local/share/nvim/lazy/LazyVim/lua
[15:10:42.540][info] [#0:script/workspace/loading.lua:100]: Preload file at: file:///home/keven/.local/share/nvim/lazy/LazyVim/lua/lazyvim/plugins/extras/lang/tex.lua , size = 1.374 KB
[15:10:42.545][info] [#0:script/workspace/loading.lua:112]: ++++As library of:	file:///home/keven/.local/share/nvim/lazy/LazyVim/lua
[15:10:42.546][info] [#0:script/workspace/loading.lua:100]: Preload file at: file:///home/keven/.local/share/nvim/lazy/LazyVim/lua/lazyvim/plugins/extras/lang/vue.lua , size = 1.013 KB
[15:10:42.549][info] [#0:script/workspace/loading.lua:112]: ++++As library of:	file:///home/keven/.local/share/nvim/lazy/LazyVim/lua
[15:10:42.552][info] [#0:script/workspace/loading.lua:100]: Preload file at: file:///home/keven/.local/share/nvim/lazy/LazyVim/lua/lazyvim/plugins/extras/lang/twig.lua , size = 1.057 KB
[15:10:42.557][info] [#0:script/workspace/loading.lua:112]: ++++As library of:	file:///home/keven/.local/share/nvim/lazy/LazyVim/lua
[15:10:42.557][info] [#0:script/workspace/loading.lua:100]: Preload file at: file:///home/keven/.local/share/nvim/lazy/LazyVim/lua/lazyvim/plugins/extras/lang/kotlin.lua , size = 3.074 KB
[15:10:42.567][info] [#0:script/workspace/loading.lua:112]: ++++As library of:	file:///home/keven/.local/share/nvim/lazy/LazyVim/lua
[15:10:42.567][info] [#0:script/workspace/loading.lua:100]: Preload file at: file:///home/keven/.local/share/nvim/lazy/LazyVim/lua/lazyvim/plugins/extras/lang/elm.lua , size = 0.507 KB
[15:10:42.570][info] [#0:script/workspace/loading.lua:112]: ++++As library of:	file:///home/keven/.local/share/nvim/lazy/LazyVim/lua
[15:10:42.570][info] [#0:script/workspace/loading.lua:100]: Preload file at: file:///home/keven/.local/share/nvim/lazy/LazyVim/lua/lazyvim/plugins/extras/lang/yaml.lua , size = 1.602 KB
[15:10:42.574][info] [#0:script/workspace/loading.lua:112]: ++++As library of:	file:///home/keven/.local/share/nvim/lazy/LazyVim/lua
[15:10:42.574][info] [#0:script/workspace/loading.lua:100]: Preload file at: file:///home/keven/.local/share/nvim/lazy/LazyVim/lua/lazyvim/plugins/extras/lang/sql.lua , size = 4.774 KB
[15:10:42.582][info] [#0:script/workspace/loading.lua:112]: ++++As library of:	file:///home/keven/.local/share/nvim/lazy/LazyVim/lua
[15:10:42.582][info] [#0:script/workspace/loading.lua:100]: Preload file at: file:///home/keven/.local/share/nvim/lazy/LazyVim/lua/lazyvim/plugins/extras/lang/python.lua , size = 3.564 KB
[15:10:42.588][info] [#0:script/workspace/loading.lua:112]: ++++As library of:	file:///home/keven/.local/share/nvim/lazy/LazyVim/lua
[15:10:42.588][info] [#0:script/workspace/loading.lua:100]: Preload file at: file:///home/keven/.local/share/nvim/lazy/LazyVim/lua/lazyvim/plugins/extras/lang/ansible.lua , size = 0.632 KB
[15:10:42.589][info] [#0:script/workspace/loading.lua:112]: ++++As library of:	file:///home/keven/.local/share/nvim/lazy/LazyVim/lua
[15:10:42.589][info] [#0:script/workspace/loading.lua:100]: Preload file at: file:///home/keven/.local/share/nvim/lazy/LazyVim/lua/lazyvim/plugins/extras/lang/markdown.lua , size = 2.826 KB
[15:10:42.593][info] [#0:script/workspace/loading.lua:112]: ++++As library of:	file:///home/keven/.local/share/nvim/lazy/LazyVim/lua
[15:10:42.593][info] [#0:script/workspace/loading.lua:100]: Preload file at: file:///home/keven/.local/share/nvim/lazy/LazyVim/lua/lazyvim/plugins/extras/lang/ruby.lua , size = 2.090 KB
[15:10:42.596][info] [#0:script/workspace/loading.lua:112]: ++++As library of:	file:///home/keven/.local/share/nvim/lazy/LazyVim/lua
[15:10:42.596][info] [#0:script/workspace/loading.lua:100]: Preload file at: file:///home/keven/.local/share/nvim/lazy/LazyVim/lua/lazyvim/plugins/extras/lang/lean.lua , size = 4.225 KB
[15:10:42.600][info] [#0:script/workspace/loading.lua:112]: ++++As library of:	file:///home/keven/.local/share/nvim/lazy/LazyVim/lua
[15:10:42.600][info] [#0:script/workspace/loading.lua:100]: Preload file at: file:///home/keven/.local/share/nvim/lazy/LazyVim/lua/lazyvim/plugins/extras/lang/clojure.lua , size = 2.853 KB
[15:10:42.604][info] [#0:script/workspace/loading.lua:112]: ++++As library of:	file:///home/keven/.local/share/nvim/lazy/LazyVim/lua
[15:10:42.604][info] [#0:script/workspace/loading.lua:100]: Preload file at: file:///home/keven/.local/share/nvim/lazy/LazyVim/lua/lazyvim/plugins/extras/lang/ocaml.lua , size = 1.064 KB
[15:10:42.606][info] [#0:script/workspace/loading.lua:112]: ++++As library of:	file:///home/keven/.local/share/nvim/lazy/LazyVim/lua
[15:10:42.606][info] [#0:script/workspace/loading.lua:100]: Preload file at: file:///home/keven/.local/share/nvim/lazy/LazyVim/lua/lazyvim/plugins/extras/lang/typst.lua , size = 1.633 KB
[15:10:42.609][info] [#0:script/workspace/loading.lua:112]: ++++As library of:	file:///home/keven/.local/share/nvim/lazy/LazyVim/lua
[15:10:42.609][info] [#0:script/workspace/loading.lua:100]: Preload file at: file:///home/keven/.local/share/nvim/lazy/LazyVim/lua/lazyvim/plugins/extras/lang/clangd.lua , size = 4.243 KB
[15:10:42.613][info] [#0:script/workspace/loading.lua:112]: ++++As library of:	file:///home/keven/.local/share/nvim/lazy/LazyVim/lua
[15:10:42.613][info] [#0:script/workspace/loading.lua:100]: Preload file at: file:///home/keven/.local/share/nvim/lazy/LazyVim/lua/lazyvim/plugins/extras/lang/svelte.lua , size = 1.379 KB
[15:10:42.616][info] [#0:script/workspace/loading.lua:112]: ++++As library of:	file:///home/keven/.local/share/nvim/lazy/LazyVim/lua
[15:10:42.616][info] [#0:script/workspace/loading.lua:100]: Preload file at: file:///home/keven/.local/share/nvim/lazy/LazyVim/lua/lazyvim/plugins/extras/lang/helm.lua , size = 0.372 KB
[15:10:42.617][info] [#0:script/workspace/loading.lua:112]: ++++As library of:	file:///home/keven/.local/share/nvim/lazy/LazyVim/lua
[15:10:42.618][info] [#0:script/workspace/loading.lua:100]: Preload file at: file:///home/keven/.local/share/nvim/lazy/LazyVim/lua/lazyvim/plugins/extras/lang/ember.lua , size = 0.709 KB
[15:10:42.619][info] [#0:script/workspace/loading.lua:112]: ++++As library of:	file:///home/keven/.local/share/nvim/lazy/LazyVim/lua
[15:10:42.620][info] [#0:script/workspace/loading.lua:100]: Preload file at: file:///home/keven/.local/share/nvim/lazy/LazyVim/lua/lazyvim/plugins/extras/lang/rust.lua , size = 4.075 KB
[15:10:42.625][info] [#0:script/workspace/loading.lua:112]: ++++As library of:	file:///home/keven/.local/share/nvim/lazy/LazyVim/lua
[15:10:42.625][info] [#0:script/workspace/loading.lua:100]: Preload file at: file:///home/keven/.local/share/nvim/lazy/LazyVim/lua/lazyvim/plugins/extras/lang/r.lua , size = 2.422 KB
[15:10:42.629][info] [#0:script/workspace/loading.lua:112]: ++++As library of:	file:///home/keven/.local/share/nvim/lazy/LazyVim/lua
[15:10:42.629][info] [#0:script/workspace/loading.lua:100]: Preload file at: file:///home/keven/.local/share/nvim/lazy/LazyVim/lua/lazyvim/plugins/extras/lang/astro.lua , size = 1.289 KB
[15:10:42.631][info] [#0:script/workspace/loading.lua:112]: ++++As library of:	file:///home/keven/.local/share/nvim/lazy/LazyVim/lua
[15:10:42.631][info] [#0:script/workspace/loading.lua:100]: Preload file at: file:///home/keven/.local/share/nvim/lazy/LazyVim/lua/lazyvim/plugins/extras/lang/tailwind.lua , size = 2.246 KB
[15:10:42.634][info] [#0:script/workspace/loading.lua:112]: ++++As library of:	file:///home/keven/.local/share/nvim/lazy/LazyVim/lua
[15:10:42.634][info] [#0:script/workspace/loading.lua:100]: Preload file at: file:///home/keven/.local/share/nvim/lazy/LazyVim/lua/lazyvim/plugins/extras/lang/solidity.lua , size = 0.674 KB
[15:10:42.636][info] [#0:script/workspace/loading.lua:112]: ++++As library of:	file:///home/keven/.local/share/nvim/lazy/LazyVim/lua
[15:10:42.636][info] [#0:script/workspace/loading.lua:100]: Preload file at: file:///home/keven/.local/share/nvim/lazy/LazyVim/lua/lazyvim/plugins/extras/lang/json.lua , size = 1.062 KB
[15:10:42.639][info] [#0:script/workspace/loading.lua:112]: ++++As library of:	file:///home/keven/.local/share/nvim/lazy/LazyVim/lua
[15:10:42.641][info] [#0:script/workspace/loading.lua:100]: Preload file at: file:///home/keven/.local/share/nvim/lazy/LazyVim/lua/lazyvim/plugins/extras/lang/haskell.lua , size = 3.080 KB
[15:10:42.644][info] [#0:script/workspace/loading.lua:112]: ++++As library of:	file:///home/keven/.local/share/nvim/lazy/LazyVim/lua
[15:10:42.644][info] [#0:script/workspace/loading.lua:100]: Preload file at: file:///home/keven/.local/share/nvim/lazy/LazyVim/lua/lazyvim/plugins/extras/lang/dotnet.lua , size = 3.011 KB
[15:10:42.648][info] [#0:script/workspace/loading.lua:112]: ++++As library of:	file:///home/keven/.local/share/nvim/lazy/LazyVim/lua
[15:10:42.648][info] [#0:script/workspace/loading.lua:100]: Preload file at: file:///home/keven/.local/share/nvim/lazy/LazyVim/lua/lazyvim/plugins/extras/lang/typescript.lua , size = 11.310 KB
[15:10:42.658][info] [#0:script/workspace/loading.lua:112]: ++++As library of:	file:///home/keven/.local/share/nvim/lazy/LazyVim/lua
[15:10:42.658][info] [#0:script/workspace/loading.lua:100]: Preload file at: file:///home/keven/.local/share/nvim/lazy/LazyVim/lua/lazyvim/plugins/extras/lang/git.lua , size = 0.560 KB
[15:10:42.659][info] [#0:script/workspace/loading.lua:112]: ++++As library of:	file:///home/keven/.local/share/nvim/lazy/LazyVim/lua
[15:10:42.660][info] [#0:script/workspace/loading.lua:100]: Preload file at: file:///home/keven/.local/share/nvim/lazy/LazyVim/lua/lazyvim/plugins/extras/lang/angular.lua , size = 1.806 KB
[15:10:42.662][info] [#0:script/workspace/loading.lua:112]: ++++As library of:	file:///home/keven/.local/share/nvim/lazy/LazyVim/lua
[15:10:42.662][info] [#0:script/workspace/loading.lua:100]: Preload file at: file:///home/keven/.local/share/nvim/lazy/LazyVim/lua/lazyvim/plugins/extras/lang/rego.lua , size = 0.275 KB
[15:10:42.663][info] [#0:script/workspace/loading.lua:112]: ++++As library of:	file:///home/keven/.local/share/nvim/lazy/LazyVim/lua
[15:10:42.663][info] [#0:script/workspace/loading.lua:100]: Preload file at: file:///home/keven/.local/share/nvim/lazy/LazyVim/lua/lazyvim/plugins/extras/coding/nvim-cmp.lua , size = 3.845 KB
[15:10:42.669][info] [#0:script/workspace/loading.lua:112]: ++++As library of:	file:///home/keven/.local/share/nvim/lazy/LazyVim/lua
[15:10:42.669][info] [#0:script/workspace/loading.lua:100]: Preload file at: file:///home/keven/.local/share/nvim/lazy/LazyVim/lua/lazyvim/plugins/extras/coding/yanky.lua , size = 2.212 KB
[15:10:42.673][info] [#0:script/workspace/loading.lua:112]: ++++As library of:	file:///home/keven/.local/share/nvim/lazy/LazyVim/lua
[15:10:42.673][info] [#0:script/workspace/loading.lua:100]: Preload file at: file:///home/keven/.local/share/nvim/lazy/LazyVim/lua/lazyvim/plugins/extras/coding/mini-comment.lua , size = 0.405 KB
[15:10:42.674][info] [#0:script/workspace/loading.lua:112]: ++++As library of:	file:///home/keven/.local/share/nvim/lazy/LazyVim/lua
[15:10:42.674][info] [#0:script/workspace/loading.lua:100]: Preload file at: file:///home/keven/.local/share/nvim/lazy/LazyVim/lua/lazyvim/plugins/extras/coding/luasnip.lua , size = 1.955 KB
[15:10:42.678][info] [#0:script/workspace/loading.lua:112]: ++++As library of:	file:///home/keven/.local/share/nvim/lazy/LazyVim/lua
[15:10:42.678][info] [#0:script/workspace/loading.lua:100]: Preload file at: file:///home/keven/.local/share/nvim/lazy/LazyVim/lua/lazyvim/plugins/extras/coding/blink.lua , size = 6.137 KB
[15:10:42.685][info] [#0:script/workspace/loading.lua:112]: ++++As library of:	file:///home/keven/.local/share/nvim/lazy/LazyVim/lua
[15:10:42.686][info] [#0:script/workspace/loading.lua:100]: Preload file at: file:///home/keven/.local/share/nvim/lazy/LazyVim/lua/lazyvim/plugins/extras/coding/mini-snippets.lua , size = 5.800 KB
[15:10:42.692][info] [#0:script/workspace/loading.lua:112]: ++++As library of:	file:///home/keven/.local/share/nvim/lazy/LazyVim/lua
[15:10:42.692][info] [#0:script/workspace/loading.lua:100]: Preload file at: file:///home/keven/.local/share/nvim/lazy/LazyVim/lua/lazyvim/plugins/extras/coding/neogen.lua , size = 0.730 KB
[15:10:42.694][info] [#0:script/workspace/loading.lua:112]: ++++As library of:	file:///home/keven/.local/share/nvim/lazy/LazyVim/lua
[15:10:42.695][info] [#0:script/workspace/loading.lua:100]: Preload file at: file:///home/keven/.local/share/nvim/lazy/LazyVim/lua/lazyvim/plugins/extras/coding/mini-surround.lua , size = 1.419 KB
[15:10:42.698][info] [#0:script/workspace/loading.lua:112]: ++++As library of:	file:///home/keven/.local/share/nvim/lazy/LazyVim/lua
[15:10:42.698][info] [#0:script/workspace/loading.lua:100]: Preload file at: file:///home/keven/.local/share/nvim/lazy/LazyVim/lua/lazyvim/plugins/extras/ui/mini-starter.lua , size = 3.729 KB
[15:10:42.704][info] [#0:script/workspace/loading.lua:112]: ++++As library of:	file:///home/keven/.local/share/nvim/lazy/LazyVim/lua
[15:10:42.704][info] [#0:script/workspace/loading.lua:100]: Preload file at: file:///home/keven/.local/share/nvim/lazy/LazyVim/lua/lazyvim/plugins/extras/ui/treesitter-context.lua , size = 0.464 KB
[15:10:42.706][info] [#0:script/workspace/loading.lua:112]: ++++As library of:	file:///home/keven/.local/share/nvim/lazy/LazyVim/lua
[15:10:42.706][info] [#0:script/workspace/loading.lua:100]: Preload file at: file:///home/keven/.local/share/nvim/lazy/LazyVim/lua/lazyvim/plugins/extras/ui/mini-indentscope.lua , size = 1.561 KB
[15:10:42.709][info] [#0:script/workspace/loading.lua:112]: ++++As library of:	file:///home/keven/.local/share/nvim/lazy/LazyVim/lua
[15:10:42.709][info] [#0:script/workspace/loading.lua:100]: Preload file at: file:///home/keven/.local/share/nvim/lazy/LazyVim/lua/lazyvim/plugins/extras/ui/indent-blankline.lua , size = 1.115 KB
[15:10:42.712][info] [#0:script/workspace/loading.lua:112]: ++++As library of:	file:///home/keven/.local/share/nvim/lazy/LazyVim/lua
[15:10:42.712][info] [#0:script/workspace/loading.lua:100]: Preload file at: file:///home/keven/.local/share/nvim/lazy/LazyVim/lua/lazyvim/plugins/extras/ui/edgy.lua , size = 5.924 KB
[15:10:42.721][info] [#0:script/workspace/loading.lua:112]: ++++As library of:	file:///home/keven/.local/share/nvim/lazy/LazyVim/lua
[15:10:42.722][info] [#0:script/workspace/loading.lua:100]: Preload file at: file:///home/keven/.local/share/nvim/lazy/LazyVim/lua/lazyvim/plugins/extras/ui/mini-animate.lua , size = 1.983 KB
[15:10:42.725][info] [#0:script/workspace/loading.lua:112]: ++++As library of:	file:///home/keven/.local/share/nvim/lazy/LazyVim/lua
[15:10:42.725][info] [#0:script/workspace/loading.lua:100]: Preload file at: file:///home/keven/.local/share/nvim/lazy/LazyVim/lua/lazyvim/plugins/extras/ui/smear-cursor.lua , size = 0.388 KB
[15:10:42.726][info] [#0:script/workspace/loading.lua:112]: ++++As library of:	file:///home/keven/.local/share/nvim/lazy/LazyVim/lua
[15:10:42.726][info] [#0:script/workspace/loading.lua:100]: Preload file at: file:///home/keven/.local/share/nvim/lazy/LazyVim/lua/lazyvim/plugins/extras/ui/alpha.lua , size = 3.605 KB
[15:10:42.731][info] [#0:script/workspace/loading.lua:112]: ++++As library of:	file:///home/keven/.local/share/nvim/lazy/LazyVim/lua
[15:10:42.731][info] [#0:script/workspace/loading.lua:100]: Preload file at: file:///home/keven/.local/share/nvim/lazy/LazyVim/lua/lazyvim/plugins/extras/ui/dashboard-nvim.lua , size = 3.694 KB
[15:10:42.736][info] [#0:script/workspace/loading.lua:112]: ++++As library of:	file:///home/keven/.local/share/nvim/lazy/LazyVim/lua
[15:10:42.736][info] [#0:script/workspace/loading.lua:100]: Preload file at: file:///home/keven/.local/share/nvim/lazy/LazyVim/lua/lazyvim/plugins/extras/lsp/none-ls.lua , size = 1.348 KB
[15:10:42.739][info] [#0:script/workspace/loading.lua:112]: ++++As library of:	file:///home/keven/.local/share/nvim/lazy/LazyVim/lua
[15:10:42.739][info] [#0:script/workspace/loading.lua:100]: Preload file at: file:///home/keven/.local/share/nvim/lazy/LazyVim/lua/lazyvim/plugins/extras/lsp/neoconf.lua , size = 0.164 KB
[15:10:42.740][info] [#0:script/workspace/loading.lua:112]: ++++As library of:	file:///home/keven/.local/share/nvim/lazy/LazyVim/lua
[15:10:42.740][info] [#0:script/workspace/loading.lua:100]: Preload file at: file:///home/keven/.local/share/nvim/lazy/LazyVim/lua/lazyvim/plugins/extras/formatting/prettier.lua , size = 2.484 KB
[15:10:42.746][info] [#0:script/workspace/loading.lua:112]: ++++As library of:	file:///home/keven/.local/share/nvim/lazy/LazyVim/lua
[15:10:42.746][info] [#0:script/workspace/loading.lua:100]: Preload file at: file:///home/keven/.local/share/nvim/lazy/LazyVim/lua/lazyvim/plugins/extras/formatting/biome.lua , size = 1.235 KB
[15:10:42.749][info] [#0:script/workspace/loading.lua:112]: ++++As library of:	file:///home/keven/.local/share/nvim/lazy/LazyVim/lua
[15:10:42.749][info] [#0:script/workspace/loading.lua:100]: Preload file at: file:///home/keven/.local/share/nvim/lazy/LazyVim/lua/lazyvim/plugins/extras/formatting/black.lua , size = 0.513 KB
[15:10:42.751][info] [#0:script/workspace/loading.lua:112]: ++++As library of:	file:///home/keven/.local/share/nvim/lazy/LazyVim/lua
[15:10:42.751][info] [#0:script/workspace/loading.lua:100]: Preload file at: file:///home/keven/.local/share/nvim/lazy/LazyVim/lua/lazyvim/plugins/extras/dap/core.lua , size = 5.029 KB
[15:10:42.760][info] [#0:script/workspace/loading.lua:112]: ++++As library of:	file:///home/keven/.local/share/nvim/lazy/LazyVim/lua
[15:10:42.761][info] [#0:script/workspace/loading.lua:100]: Preload file at: file:///home/keven/.local/share/nvim/lazy/LazyVim/lua/lazyvim/plugins/extras/dap/nlua.lua , size = 1.084 KB
[15:10:42.763][info] [#0:script/workspace/loading.lua:112]: ++++As library of:	file:///home/keven/.local/share/nvim/lazy/LazyVim/lua
[15:10:42.763][info] [#0:script/workspace/loading.lua:100]: Preload file at: file:///home/keven/.local/share/nvim/lazy/LazyVim/lua/lazyvim/plugins/coding.lua , size = 2.967 KB
[15:10:42.767][info] [#0:script/workspace/loading.lua:112]: ++++As library of:	file:///home/keven/.local/share/nvim/lazy/LazyVim/lua
[15:10:42.767][info] [#0:script/workspace/loading.lua:100]: Preload file at: file:///home/keven/.local/share/nvim/lazy/LazyVim/lua/lazyvim/plugins/lsp/keymaps.lua , size = 1.764 KB
[15:10:42.771][info] [#0:script/workspace/loading.lua:112]: ++++As library of:	file:///home/keven/.local/share/nvim/lazy/LazyVim/lua
[15:10:42.771][info] [#0:script/workspace/loading.lua:100]: Preload file at: file:///home/keven/.local/share/nvim/lazy/LazyVim/lua/lazyvim/plugins/lsp/init.lua , size = 11.966 KB
[15:10:42.786][info] [#0:script/workspace/loading.lua:112]: ++++As library of:	file:///home/keven/.local/share/nvim/lazy/LazyVim/lua
[15:10:42.787][info] [#0:script/workspace/loading.lua:100]: Preload file at: file:///home/keven/.local/share/nvim/lazy/LazyVim/lua/lazyvim/plugins/editor.lua , size = 8.971 KB
[15:10:42.796][info] [#0:script/workspace/loading.lua:112]: ++++As library of:	file:///home/keven/.local/share/nvim/lazy/LazyVim/lua
[15:10:42.796][info] [#0:script/workspace/loading.lua:100]: Preload file at: file:///home/keven/.local/share/nvim/lazy/LazyVim/lua/lazyvim/plugins/xtras.lua , size = 2.148 KB
[15:10:42.800][info] [#0:script/workspace/loading.lua:112]: ++++As library of:	file:///home/keven/.local/share/nvim/lazy/LazyVim/lua
[15:10:42.802][info] [#0:script/workspace/loading.lua:100]: Preload file at: file:///home/keven/.local/share/nvim/lazy/LazyVim/lua/lazyvim/plugins/init.lua , size = 0.918 KB
[15:10:42.803][info] [#0:script/workspace/loading.lua:112]: ++++As library of:	file:///home/keven/.local/share/nvim/lazy/LazyVim/lua
[15:10:42.804][info] [#0:script/workspace/loading.lua:100]: Preload file at: file:///home/keven/.local/share/nvim/lazy/LazyVim/lua/lazyvim/config/options.lua , size = 4.426 KB
[15:10:42.809][info] [#0:script/workspace/loading.lua:112]: ++++As library of:	file:///home/keven/.local/share/nvim/lazy/LazyVim/lua
[15:10:42.810][info] [#0:script/workspace/loading.lua:100]: Preload file at: file:///home/keven/.local/share/nvim/lazy/LazyVim/lua/lazyvim/config/autocmds.lua , size = 3.310 KB
[15:10:42.815][info] [#0:script/workspace/loading.lua:112]: ++++As library of:	file:///home/keven/.local/share/nvim/lazy/LazyVim/lua
[15:10:42.815][info] [#0:script/workspace/loading.lua:100]: Preload file at: file:///home/keven/.local/share/nvim/lazy/LazyVim/lua/lazyvim/config/keymaps.lua , size = 9.597 KB
[15:10:42.830][info] [#0:script/workspace/loading.lua:112]: ++++As library of:	file:///home/keven/.local/share/nvim/lazy/LazyVim/lua
[15:10:42.830][info] [#0:script/workspace/loading.lua:100]: Preload file at: file:///home/keven/.local/share/nvim/lazy/LazyVim/lua/lazyvim/config/init.lua , size = 11.681 KB
[15:10:42.862][info] [#0:script/workspace/loading.lua:112]: ++++As library of:	file:///home/keven/.local/share/nvim/lazy/LazyVim/lua
[15:10:42.864][info] [#0:script/workspace/loading.lua:100]: Preload file at: file:///home/keven/.local/share/nvim/lazy/LazyVim/lua/lazyvim/types.lua , size = 0.644 KB
[15:10:42.871][info] [#0:script/workspace/loading.lua:112]: ++++As library of:	file:///home/keven/.local/share/nvim/lazy/LazyVim/lua
[15:10:42.874][info] [#0:script/workspace/loading.lua:100]: Preload file at: file:///home/keven/.local/share/nvim/lazy/LazyVim/lua/lazyvim/init.lua , size = 0.146 KB
[15:10:42.877][info] [#0:script/workspace/loading.lua:112]: ++++As library of:	file:///home/keven/.local/share/nvim/lazy/LazyVim/lua
[15:10:42.878][info] [#0:script/workspace/loading.lua:88]: Skip loaded file: file:///home/keven/dotfiles/nvim/.config/nvim/lua/config/options.lua
[15:10:42.878][info] [#0:script/workspace/loading.lua:112]: ++++As library of:	file:///home/keven/dotfiles/nvim/.config/nvim/lua
[15:10:42.878][info] [#0:script/workspace/loading.lua:100]: Preload file at: file:///home/keven/.local/share/nvim/mason/packages/lua-language-server/libexec/meta/LuaJIT%20en-us%20utf8/table.lua , size = 5.020 KB
[15:10:42.897][info] [#0:script/workspace/loading.lua:112]: ++++As library of:	file:///home/keven/.local/share/nvim/mason/packages/lua-language-server/libexec/meta/LuaJIT%20en-us%20utf8/table.lua
[15:10:42.898][info] [#0:script/workspace/loading.lua:100]: Preload file at: file:///home/keven/dotfiles/nvim/.config/nvim/lua/plugins/colorscheme.lua , size = 0.169 KB
[15:10:42.899][info] [#0:script/workspace/loading.lua:112]: ++++As library of:	file:///home/keven/dotfiles/nvim/.config/nvim/lua
[15:10:42.901][info] [#0:script/workspace/loading.lua:100]: Preload file at: file:///home/keven/dotfiles/nvim/.config/nvim/lua/config/autocmds.lua , size = 0.414 KB
[15:10:42.902][info] [#0:script/workspace/loading.lua:112]: ++++As library of:	file:///home/keven/dotfiles/nvim/.config/nvim/lua
[15:10:42.902][info] [#0:script/workspace/loading.lua:100]: Preload file at: file:///home/keven/dotfiles/nvim/.config/nvim/lua/config/keymaps.lua , size = 0.638 KB
[15:10:42.903][info] [#0:script/workspace/loading.lua:112]: ++++As library of:	file:///home/keven/dotfiles/nvim/.config/nvim/lua
[15:10:42.903][info] [#0:script/workspace/loading.lua:88]: Skip loaded file: file:///home/keven/dotfiles/nvim/.config/nvim/lua/config/lazy.lua
[15:10:42.903][info] [#0:script/workspace/loading.lua:112]: ++++As library of:	file:///home/keven/dotfiles/nvim/.config/nvim/lua
[15:10:42.903][info] [#0:script/workspace/loading.lua:100]: Preload file at: file:///home/keven/.local/share/nvim/mason/packages/lua-language-server/libexec/meta/LuaJIT%20en-us%20utf8/os.lua , size = 5.611 KB
[15:10:42.910][info] [#0:script/workspace/loading.lua:112]: ++++As library of:	file:///home/keven/.local/share/nvim/mason/packages/lua-language-server/libexec/meta/LuaJIT%20en-us%20utf8/os.lua
[15:10:42.910][info] [#0:script/workspace/loading.lua:100]: Preload file at: file:///home/keven/.local/share/nvim/mason/packages/lua-language-server/libexec/meta/LuaJIT%20en-us%20utf8/package.lua , size = 2.699 KB
[15:10:42.912][info] [#0:script/workspace/loading.lua:112]: ++++As library of:	file:///home/keven/.local/share/nvim/mason/packages/lua-language-server/libexec/meta/LuaJIT%20en-us%20utf8/package.lua
[15:10:42.913][info] [#0:script/workspace/loading.lua:100]: Preload file at: file:///home/keven/.local/share/nvim/mason/packages/lua-language-server/libexec/meta/LuaJIT%20en-us%20utf8/debug.lua , size = 7.310 KB
[15:10:42.922][info] [#0:script/workspace/loading.lua:112]: ++++As library of:	file:///home/keven/.local/share/nvim/mason/packages/lua-language-server/libexec/meta/LuaJIT%20en-us%20utf8/debug.lua
[15:10:42.923][info] [#0:script/workspace/loading.lua:100]: Preload file at: file:///home/keven/.local/share/nvim/mason/packages/lua-language-server/libexec/meta/LuaJIT%20en-us%20utf8/table/clear.lua , size = 0.797 KB
[15:10:42.924][info] [#0:script/workspace/loading.lua:112]: ++++As library of:	file:///home/keven/.local/share/nvim/mason/packages/lua-language-server/libexec/meta/LuaJIT%20en-us%20utf8/table/clear.lua
[15:10:42.926][info] [#0:script/workspace/loading.lua:100]: Preload file at: file:///home/keven/.local/share/nvim/mason/packages/lua-language-server/libexec/meta/LuaJIT%20en-us%20utf8/basic.lua , size = 16.126 KB
[15:10:42.941][info] [#0:script/workspace/loading.lua:112]: ++++As library of:	file:///home/keven/.local/share/nvim/mason/packages/lua-language-server/libexec/meta/LuaJIT%20en-us%20utf8/basic.lua
[15:10:42.941][info] [#0:script/workspace/loading.lua:100]: Preload file at: file:///home/keven/.local/share/nvim/mason/packages/lua-language-server/libexec/meta/LuaJIT%20en-us%20utf8/io.lua , size = 6.364 KB
[15:10:42.948][info] [#0:script/workspace/loading.lua:112]: ++++As library of:	file:///home/keven/.local/share/nvim/mason/packages/lua-language-server/libexec/meta/LuaJIT%20en-us%20utf8/io.lua
[15:10:42.948][info] [#0:script/workspace/loading.lua:100]: Preload file at: file:///usr/local/share/nvim/runtime/lua/jit/dis_mips64.lua , size = 0.689 KB
[15:10:42.949][info] [#0:script/workspace/loading.lua:112]: ++++As library of:	file:///usr/local/share/nvim/runtime/lua
[15:10:42.949][info] [#0:script/workspace/loading.lua:100]: Preload file at: file:///usr/local/share/nvim/runtime/lua/jit/dis_arm64be.lua , size = 0.604 KB
[15:10:42.950][info] [#0:script/workspace/loading.lua:112]: ++++As library of:	file:///usr/local/share/nvim/runtime/lua
[15:10:42.950][info] [#0:script/workspace/loading.lua:100]: Preload file at: file:///usr/local/share/nvim/runtime/lua/jit/dump.lua , size = 20.269 KB
[15:10:42.975][info] [#0:script/workspace/loading.lua:112]: ++++As library of:	file:///usr/local/share/nvim/runtime/lua
[15:10:42.975][info] [#0:script/workspace/loading.lua:100]: Preload file at: file:///usr/local/share/nvim/runtime/lua/jit/dis_mips64r6.lua , size = 0.700 KB
[15:10:42.976][info] [#0:script/workspace/loading.lua:112]: ++++As library of:	file:///usr/local/share/nvim/runtime/lua
[15:10:42.976][info] [#0:script/workspace/loading.lua:100]: Preload file at: file:///usr/local/share/nvim/runtime/lua/jit/dis_x64.lua , size = 0.695 KB
[15:10:42.977][info] [#0:script/workspace/loading.lua:112]: ++++As library of:	file:///usr/local/share/nvim/runtime/lua
[15:10:42.978][info] [#0:script/workspace/loading.lua:100]: Preload file at: file:///usr/local/share/nvim/runtime/lua/jit/zone.lua , size = 0.979 KB
[15:10:42.979][info] [#0:script/workspace/loading.lua:112]: ++++As library of:	file:///usr/local/share/nvim/runtime/lua
[15:10:42.979][info] [#0:script/workspace/loading.lua:100]: Preload file at: file:///usr/local/share/nvim/runtime/lua/jit/dis_arm64.lua , size = 29.971 KB
[15:10:43.015][info] [#0:script/workspace/loading.lua:112]: ++++As library of:	file:///usr/local/share/nvim/runtime/lua
[15:10:43.016][info] [#0:script/workspace/loading.lua:100]: Preload file at: file:///usr/local/share/nvim/runtime/lua/jit/v.lua , size = 5.731 KB
[15:10:43.021][info] [#0:script/workspace/loading.lua:112]: ++++As library of:	file:///usr/local/share/nvim/runtime/lua
[15:10:43.021][info] [#0:script/workspace/loading.lua:100]: Preload file at: file:///usr/local/share/nvim/runtime/lua/jit/p.lua , size = 8.874 KB
[15:10:43.030][info] [#0:script/workspace/loading.lua:112]: ++++As library of:	file:///usr/local/share/nvim/runtime/lua
[15:10:43.030][info] [#0:script/workspace/loading.lua:100]: Preload file at: file:///usr/local/share/nvim/runtime/lua/jit/dis_mips64r6el.lua , size = 0.711 KB
[15:10:43.031][info] [#0:script/workspace/loading.lua:112]: ++++As library of:	file:///usr/local/share/nvim/runtime/lua
[15:10:43.031][info] [#0:script/workspace/loading.lua:100]: Preload file at: file:///usr/local/share/nvim/runtime/lua/jit/dis_ppc.lua , size = 19.825 KB
[15:10:43.052][info] [#0:script/workspace/loading.lua:112]: ++++As library of:	file:///usr/local/share/nvim/runtime/lua
[15:10:43.053][info] [#0:script/workspace/loading.lua:100]: Preload file at: file:///usr/local/share/nvim/runtime/lua/jit/dis_x86.lua , size = 33.033 KB
[15:10:43.085][info] [#0:script/workspace/loading.lua:112]: ++++As library of:	file:///usr/local/share/nvim/runtime/lua
[15:10:43.085][info] [#0:script/workspace/loading.lua:100]: Preload file at: file:///usr/local/share/nvim/runtime/lua/jit/vmdef.lua , size = 7.920 KB
[15:10:43.089][info] [#0:script/workspace/loading.lua:112]: ++++As library of:	file:///usr/local/share/nvim/runtime/lua
[15:10:43.090][info] [#0:script/workspace/loading.lua:100]: Preload file at: file:///usr/local/share/nvim/runtime/lua/jit/dis_arm.lua , size = 18.891 KB
[15:10:43.114][info] [#0:script/workspace/loading.lua:112]: ++++As library of:	file:///usr/local/share/nvim/runtime/lua
[15:10:43.114][info] [#0:script/workspace/loading.lua:100]: Preload file at: file:///usr/local/share/nvim/runtime/lua/jit/bcsave.lua , size = 17.090 KB
[15:10:43.131][info] [#0:script/workspace/loading.lua:112]: ++++As library of:	file:///usr/local/share/nvim/runtime/lua
[15:10:43.131][info] [#0:script/workspace/loading.lua:100]: Preload file at: file:///usr/local/share/nvim/runtime/lua/jit/bc.lua , size = 5.417 KB
[15:10:43.138][info] [#0:script/workspace/loading.lua:112]: ++++As library of:	file:///usr/local/share/nvim/runtime/lua
[15:10:43.138][info] [#0:script/workspace/loading.lua:100]: Preload file at: file:///usr/local/share/nvim/runtime/lua/jit/dis_mips64el.lua , size = 0.700 KB
[15:10:43.139][info] [#0:script/workspace/loading.lua:112]: ++++As library of:	file:///usr/local/share/nvim/runtime/lua
[15:10:43.139][info] [#0:script/workspace/loading.lua:100]: Preload file at: file:///usr/local/share/nvim/runtime/lua/jit/dis_mips.lua , size = 21.494 KB
[15:10:43.161][info] [#0:script/workspace/loading.lua:112]: ++++As library of:	file:///usr/local/share/nvim/runtime/lua
[15:10:43.161][info] [#0:script/workspace/loading.lua:100]: Preload file at: file:///usr/local/share/nvim/runtime/lua/jit/dis_mipsel.lua , size = 0.698 KB
[15:10:43.162][info] [#0:script/workspace/loading.lua:112]: ++++As library of:	file:///usr/local/share/nvim/runtime/lua
[15:10:43.162][info] [#0:script/workspace/loading.lua:100]: Preload file at: file:///usr/local/share/nvim/runtime/lua/man.lua , size = 23.335 KB
[15:10:43.183][info] [#0:script/workspace/loading.lua:112]: ++++As library of:	file:///usr/local/share/nvim/runtime/lua
[15:10:43.183][info] [#0:script/workspace/loading.lua:100]: Preload file at: file:///usr/local/share/nvim/runtime/lua/vim/F.lua , size = 1.076 KB
[15:10:43.184][info] [#0:script/workspace/loading.lua:112]: ++++As library of:	file:///usr/local/share/nvim/runtime/lua
[15:10:43.188][info] [#0:script/workspace/loading.lua:100]: Preload file at: file:///usr/local/share/nvim/runtime/lua/vim/deprecated/health.lua , size = 1.260 KB
[15:10:43.190][info] [#0:script/workspace/loading.lua:112]: ++++As library of:	file:///usr/local/share/nvim/runtime/lua
[15:10:43.190][info] [#0:script/workspace/loading.lua:100]: Preload file at: file:///usr/local/share/nvim/runtime/lua/vim/inspect.lua , size = 8.899 KB
[15:10:43.199][info] [#0:script/workspace/loading.lua:112]: ++++As library of:	file:///usr/local/share/nvim/runtime/lua
[15:10:43.199][info] [#0:script/workspace/loading.lua:100]: Preload file at: file:///usr/local/share/nvim/runtime/lua/vim/iter.lua , size = 25.930 KB
[15:10:43.223][info] [#0:script/workspace/loading.lua:112]: ++++As library of:	file:///usr/local/share/nvim/runtime/lua
[15:10:43.223][info] [#0:script/workspace/loading.lua:100]: Preload file at: file:///usr/local/share/nvim/runtime/lua/vim/_comment.lua , size = 8.967 KB
[15:10:43.231][info] [#0:script/workspace/loading.lua:112]: ++++As library of:	file:///usr/local/share/nvim/runtime/lua
[15:10:43.231][info] [#0:script/workspace/loading.lua:100]: Preload file at: file:///usr/local/share/nvim/runtime/lua/vim/treesitter.lua , size = 15.239 KB
[15:10:43.244][info] [#0:script/workspace/loading.lua:112]: ++++As library of:	file:///usr/local/share/nvim/runtime/lua
[15:10:43.245][info] [#0:script/workspace/loading.lua:100]: Preload file at: file:///usr/local/share/nvim/runtime/lua/vim/keymap.lua , size = 3.683 KB
[15:10:43.248][info] [#0:script/workspace/loading.lua:112]: ++++As library of:	file:///usr/local/share/nvim/runtime/lua
[15:10:43.248][info] [#0:script/workspace/loading.lua:100]: Preload file at: file:///usr/local/share/nvim/runtime/lua/vim/_options.lua , size = 25.508 KB
[15:10:43.267][info] [#0:script/workspace/loading.lua:112]: ++++As library of:	file:///usr/local/share/nvim/runtime/lua
[15:10:43.267][info] [#0:script/workspace/loading.lua:100]: Preload file at: file:///usr/local/share/nvim/runtime/lua/vim/_init_packages.lua , size = 3.023 KB
[15:10:43.272][info] [#0:script/workspace/loading.lua:112]: ++++As library of:	file:///usr/local/share/nvim/runtime/lua
[15:10:43.272][info] [#0:script/workspace/loading.lua:100]: Preload file at: file:///usr/local/share/nvim/runtime/lua/vim/func.lua , size = 1.950 KB
[15:10:43.274][info] [#0:script/workspace/loading.lua:112]: ++++As library of:	file:///usr/local/share/nvim/runtime/lua
[15:10:43.276][info] [#0:script/workspace/loading.lua:100]: Preload file at: file:///usr/local/share/nvim/runtime/lua/vim/health/health.lua , size = 12.914 KB
[15:10:43.288][info] [#0:script/workspace/loading.lua:112]: ++++As library of:	file:///usr/local/share/nvim/runtime/lua
[15:10:43.289][info] [#0:script/workspace/loading.lua:100]: Preload file at: file:///usr/local/share/nvim/runtime/lua/vim/_ftplugin/lua.lua , size = 0.540 KB
[15:10:43.291][info] [#0:script/workspace/loading.lua:112]: ++++As library of:	file:///usr/local/share/nvim/runtime/lua
[15:10:43.291][info] [#0:script/workspace/loading.lua:100]: Preload file at: file:///usr/local/share/nvim/runtime/lua/vim/secure.lua , size = 6.484 KB
[15:10:43.297][info] [#0:script/workspace/loading.lua:112]: ++++As library of:	file:///usr/local/share/nvim/runtime/lua
[15:10:43.297][info] [#0:script/workspace/loading.lua:100]: Preload file at: file:///usr/local/share/nvim/runtime/lua/vim/filetype.lua , size = 78.989 KB
[15:10:43.363][info] [#0:script/workspace/loading.lua:112]: ++++As library of:	file:///usr/local/share/nvim/runtime/lua
[15:10:43.363][info] [#0:script/workspace/loading.lua:100]: Preload file at: file:///usr/local/share/nvim/runtime/lua/vim/func/_memoize.lua , size = 1.979 KB
[15:10:43.366][info] [#0:script/workspace/loading.lua:112]: ++++As library of:	file:///usr/local/share/nvim/runtime/lua
[15:10:43.370][info] [#0:script/workspace/loading.lua:100]: Preload file at: file:///usr/local/share/nvim/runtime/lua/vim/health.lua , size = 15.774 KB
[15:10:43.384][info] [#0:script/workspace/loading.lua:112]: ++++As library of:	file:///usr/local/share/nvim/runtime/lua
[15:10:43.384][info] [#0:script/workspace/loading.lua:100]: Preload file at: file:///usr/local/share/nvim/runtime/lua/vim/lsp.lua , size = 53.484 KB
[15:10:43.433][info] [#0:script/workspace/loading.lua:112]: ++++As library of:	file:///usr/local/share/nvim/runtime/lua
[15:10:43.433][info] [#0:script/workspace/loading.lua:100]: Preload file at: file:///usr/local/share/nvim/runtime/lua/vim/diagnostic.lua , size = 85.210 KB
[15:10:43.510][info] [#0:script/workspace/loading.lua:112]: ++++As library of:	file:///usr/local/share/nvim/runtime/lua
[15:10:43.510][info] [#0:script/workspace/loading.lua:100]: Preload file at: file:///usr/local/share/nvim/runtime/lua/vim/_meta.lua , size = 1.002 KB
[15:10:43.512][info] [#0:script/workspace/loading.lua:112]: ++++As library of:	file:///usr/local/share/nvim/runtime/lua
[15:10:43.512][info] [#0:script/workspace/loading.lua:100]: Preload file at: file:///usr/local/share/nvim/runtime/lua/vim/_meta/mpack.lua , size = 0.478 KB
[15:10:43.513][info] [#0:script/workspace/loading.lua:112]: ++++As library of:	file:///usr/local/share/nvim/runtime/lua
[15:10:43.522][info] [#0:script/workspace/loading.lua:100]: Preload file at: file:///usr/local/share/nvim/runtime/lua/vim/_meta/options.lua , size = 325.048 KB
[15:10:43.703][info] [#0:script/workspace/loading.lua:112]: ++++As library of:	file:///usr/local/share/nvim/runtime/lua
[15:10:43.715][info] [#0:script/workspace/loading.lua:100]: Preload file at: file:///usr/local/share/nvim/runtime/lua/vim/_meta/diff.lua , size = 2.493 KB
[15:10:43.718][info] [#0:script/workspace/loading.lua:112]: ++++As library of:	file:///usr/local/share/nvim/runtime/lua
[15:10:43.719][info] [#0:script/workspace/loading.lua:100]: Preload file at: file:///usr/local/share/nvim/runtime/lua/vim/_meta/spell.lua , size = 0.929 KB
[15:10:43.721][info] [#0:script/workspace/loading.lua:112]: ++++As library of:	file:///usr/local/share/nvim/runtime/lua
[15:10:43.721][info] [#0:script/workspace/loading.lua:100]: Preload file at: file:///usr/local/share/nvim/runtime/lua/vim/_meta/builtin_types.lua , size = 8.304 KB
[15:10:43.730][info] [#0:script/workspace/loading.lua:112]: ++++As library of:	file:///usr/local/share/nvim/runtime/lua
[15:10:43.730][info] [#0:script/workspace/loading.lua:100]: Preload file at: file:///usr/local/share/nvim/runtime/lua/vim/_meta/vvars.lua , size = 26.214 KB
[15:10:43.748][info] [#0:script/workspace/loading.lua:112]: ++++As library of:	file:///usr/local/share/nvim/runtime/lua
[15:10:43.749][info] [#0:script/workspace/loading.lua:100]: Preload file at: file:///usr/local/share/nvim/runtime/lua/vim/_meta/vimfn.lua , size = 408.934 KB
[15:10:43.955][warn] [#0:script/files.lua:560]: Parse LuaDoc of [file:///usr/local/share/nvim/runtime/lua/vim/_meta/vimfn.lua] takes [0.125] sec, size [418.748] kb.
[15:10:43.985][info] [#0:script/workspace/loading.lua:112]: ++++As library of:	file:///usr/local/share/nvim/runtime/lua
[15:10:43.985][info] [#0:script/workspace/loading.lua:100]: Preload file at: file:///usr/local/share/nvim/runtime/lua/vim/_meta/re.lua , size = 2.217 KB
[15:10:43.988][info] [#0:script/workspace/loading.lua:112]: ++++As library of:	file:///usr/local/share/nvim/runtime/lua
[15:10:44.000][info] [#0:script/workspace/loading.lua:100]: Preload file at: file:///usr/local/share/nvim/runtime/lua/vim/_meta/base64.lua , size = 0.307 KB
[15:10:44.001][info] [#0:script/workspace/loading.lua:112]: ++++As library of:	file:///usr/local/share/nvim/runtime/lua
[15:10:44.002][info] [#0:script/workspace/loading.lua:100]: Preload file at: file:///usr/local/share/nvim/runtime/lua/vim/_meta/api_keysets_extra.lua , size = 6.957 KB
[15:10:44.011][info] [#0:script/workspace/loading.lua:112]: ++++As library of:	file:///usr/local/share/nvim/runtime/lua
[15:10:44.011][info] [#0:script/workspace/loading.lua:100]: Preload file at: file:///usr/local/share/nvim/runtime/lua/vim/_meta/api.lua , size = 106.050 KB
[15:10:44.087][info] [#0:script/workspace/loading.lua:112]: ++++As library of:	file:///usr/local/share/nvim/runtime/lua
[15:10:44.087][info] [#0:script/workspace/loading.lua:100]: Preload file at: file:///usr/local/share/nvim/runtime/lua/vim/_meta/builtin.lua , size = 10.381 KB
[15:10:44.095][info] [#0:script/workspace/loading.lua:112]: ++++As library of:	file:///usr/local/share/nvim/runtime/lua
[15:10:44.095][info] [#0:script/workspace/loading.lua:100]: Preload file at: file:///usr/local/share/nvim/runtime/lua/vim/_meta/vvars_extra.lua , size = 4.056 KB
[15:10:44.099][info] [#0:script/workspace/loading.lua:112]: ++++As library of:	file:///usr/local/share/nvim/runtime/lua
[15:10:44.099][info] [#0:script/workspace/loading.lua:100]: Preload file at: file:///usr/local/share/nvim/runtime/lua/vim/_meta/regex.lua , size = 1.580 KB
[15:10:44.101][info] [#0:script/workspace/loading.lua:112]: ++++As library of:	file:///usr/local/share/nvim/runtime/lua
[15:10:44.102][info] [#0:script/workspace/loading.lua:100]: Preload file at: file:///usr/local/share/nvim/runtime/lua/vim/_meta/misc.lua , size = 0.291 KB
[15:10:44.104][info] [#0:script/workspace/loading.lua:112]: ++++As library of:	file:///usr/local/share/nvim/runtime/lua
[15:10:44.104][info] [#0:script/workspace/loading.lua:100]: Preload file at: file:///usr/local/share/nvim/runtime/lua/vim/_meta/json.lua , size = 1.537 KB
[15:10:44.106][info] [#0:script/workspace/loading.lua:112]: ++++As library of:	file:///usr/local/share/nvim/runtime/lua
[15:10:44.106][info] [#0:script/workspace/loading.lua:100]: Preload file at: file:///usr/local/share/nvim/runtime/lua/vim/_meta/api_keysets.lua , size = 9.958 KB
[15:10:44.123][info] [#0:script/workspace/loading.lua:112]: ++++As library of:	file:///usr/local/share/nvim/runtime/lua
[15:10:44.123][info] [#0:script/workspace/loading.lua:100]: Preload file at: file:///usr/local/share/nvim/runtime/lua/vim/_meta/lpeg.lua , size = 15.348 KB
[15:10:44.133][info] [#0:script/workspace/loading.lua:112]: ++++As library of:	file:///usr/local/share/nvim/runtime/lua
[15:10:44.133][info] [#0:script/workspace/loading.lua:100]: Preload file at: file:///usr/local/share/nvim/runtime/lua/vim/shared.lua , size = 40.562 KB
[15:10:44.183][info] [#0:script/workspace/loading.lua:112]: ++++As library of:	file:///usr/local/share/nvim/runtime/lua
[15:10:44.184][info] [#0:script/workspace/loading.lua:100]: Preload file at: file:///usr/local/share/nvim/runtime/lua/vim/provider/health.lua , size = 29.915 KB
[15:10:44.270][info] [#0:script/workspace/loading.lua:112]: ++++As library of:	file:///usr/local/share/nvim/runtime/lua
[15:10:44.273][info] [#0:script/workspace/loading.lua:100]: Preload file at: file:///usr/local/share/nvim/runtime/lua/vim/provider/python.lua , size = 4.292 KB
[15:10:44.280][info] [#0:script/workspace/loading.lua:112]: ++++As library of:	file:///usr/local/share/nvim/runtime/lua
[15:10:44.280][info] [#0:script/workspace/loading.lua:100]: Preload file at: file:///usr/local/share/nvim/runtime/lua/vim/provider/ruby.lua , size = 1.563 KB
[15:10:44.283][info] [#0:script/workspace/loading.lua:112]: ++++As library of:	file:///usr/local/share/nvim/runtime/lua
[15:10:44.283][info] [#0:script/workspace/loading.lua:100]: Preload file at: file:///usr/local/share/nvim/runtime/lua/vim/provider/perl.lua , size = 1.998 KB
[15:10:44.286][info] [#0:script/workspace/loading.lua:112]: ++++As library of:	file:///usr/local/share/nvim/runtime/lua
[15:10:44.286][info] [#0:script/workspace/loading.lua:100]: Preload file at: file:///usr/local/share/nvim/runtime/lua/vim/version.lua , size = 13.624 KB
[15:10:44.300][info] [#0:script/workspace/loading.lua:112]: ++++As library of:	file:///usr/local/share/nvim/runtime/lua
[15:10:44.300][info] [#0:script/workspace/loading.lua:100]: Preload file at: file:///usr/local/share/nvim/runtime/lua/vim/re.lua , size = 6.527 KB
[15:10:44.309][info] [#0:script/workspace/loading.lua:112]: ++++As library of:	file:///usr/local/share/nvim/runtime/lua
[15:10:44.310][info] [#0:script/workspace/loading.lua:100]: Preload file at: file:///usr/local/share/nvim/runtime/lua/vim/filetype/detect.lua , size = 61.322 KB
[15:10:44.369][info] [#0:script/workspace/loading.lua:112]: ++++As library of:	file:///usr/local/share/nvim/runtime/lua
[15:10:44.369][info] [#0:script/workspace/loading.lua:100]: Preload file at: file:///usr/local/share/nvim/runtime/lua/vim/filetype/options.lua , size = 2.559 KB
[15:10:44.373][info] [#0:script/workspace/loading.lua:112]: ++++As library of:	file:///usr/local/share/nvim/runtime/lua
[15:10:44.373][info] [#0:script/workspace/loading.lua:100]: Preload file at: file:///usr/local/share/nvim/runtime/lua/vim/_defaults.lua , size = 32.541 KB
[15:10:44.413][info] [#0:script/workspace/loading.lua:112]: ++++As library of:	file:///usr/local/share/nvim/runtime/lua
[15:10:44.413][info] [#0:script/workspace/loading.lua:100]: Preload file at: file:///usr/local/share/nvim/runtime/lua/vim/fs.lua , size = 24.465 KB
[15:10:44.435][info] [#0:script/workspace/loading.lua:112]: ++++As library of:	file:///usr/local/share/nvim/runtime/lua
[15:10:44.435][info] [#0:script/workspace/loading.lua:100]: Preload file at: file:///usr/local/share/nvim/runtime/lua/vim/ui.lua , size = 7.683 KB
[15:10:44.443][info] [#0:script/workspace/loading.lua:112]: ++++As library of:	file:///usr/local/share/nvim/runtime/lua
[15:10:44.443][info] [#0:script/workspace/loading.lua:100]: Preload file at: file:///usr/local/share/nvim/runtime/lua/vim/_inspector.lua , size = 7.873 KB
[15:10:44.452][info] [#0:script/workspace/loading.lua:112]: ++++As library of:	file:///usr/local/share/nvim/runtime/lua
[15:10:44.453][info] [#0:script/workspace/loading.lua:100]: Preload file at: file:///usr/local/share/nvim/runtime/lua/vim/_system.lua , size = 9.857 KB
[15:10:44.465][info] [#0:script/workspace/loading.lua:112]: ++++As library of:	file:///usr/local/share/nvim/runtime/lua
[15:10:44.465][info] [#0:script/workspace/loading.lua:100]: Preload file at: file:///usr/local/share/nvim/runtime/lua/vim/ui/clipboard/osc52.lua , size = 2.146 KB
[15:10:44.468][info] [#0:script/workspace/loading.lua:112]: ++++As library of:	file:///usr/local/share/nvim/runtime/lua
[15:10:44.468][info] [#0:script/workspace/loading.lua:100]: Preload file at: file:///usr/local/share/nvim/runtime/lua/vim/loader.lua , size = 14.564 KB
[15:10:44.485][info] [#0:script/workspace/loading.lua:112]: ++++As library of:	file:///usr/local/share/nvim/runtime/lua
[15:10:44.485][info] [#0:script/workspace/loading.lua:100]: Preload file at: file:///usr/local/share/nvim/runtime/lua/vim/hl.lua , size = 6.054 KB
[15:10:44.492][info] [#0:script/workspace/loading.lua:112]: ++++As library of:	file:///usr/local/share/nvim/runtime/lua
[15:10:44.492][info] [#0:script/workspace/loading.lua:100]: Preload file at: file:///usr/local/share/nvim/runtime/lua/vim/text.lua , size = 4.512 KB
[15:10:44.496][info] [#0:script/workspace/loading.lua:112]: ++++As library of:	file:///usr/local/share/nvim/runtime/lua
[15:10:44.497][info] [#0:script/workspace/loading.lua:100]: Preload file at: file:///usr/local/share/nvim/runtime/lua/vim/provider.lua , size = 0.197 KB
[15:10:44.498][info] [#0:script/workspace/loading.lua:112]: ++++As library of:	file:///usr/local/share/nvim/runtime/lua
[15:10:44.498][info] [#0:script/workspace/loading.lua:100]: Preload file at: file:///usr/local/share/nvim/runtime/lua/vim/_watch.lua , size = 9.736 KB
[15:10:44.509][info] [#0:script/workspace/loading.lua:112]: ++++As library of:	file:///usr/local/share/nvim/runtime/lua
[15:10:44.509][info] [#0:script/workspace/loading.lua:100]: Preload file at: file:///usr/local/share/nvim/runtime/lua/vim/snippet.lua , size = 19.841 KB
[15:10:44.551][info] [#0:script/workspace/loading.lua:112]: ++++As library of:	file:///usr/local/share/nvim/runtime/lua
[15:10:44.551][info] [#0:script/workspace/loading.lua:100]: Preload file at: file:///usr/local/share/nvim/runtime/lua/vim/treesitter/_query_linter.lua , size = 7.818 KB
[15:10:44.561][info] [#0:script/workspace/loading.lua:112]: ++++As library of:	file:///usr/local/share/nvim/runtime/lua
[15:10:44.561][info] [#0:script/workspace/loading.lua:100]: Preload file at: file:///usr/local/share/nvim/runtime/lua/vim/treesitter/health.lua , size = 2.054 KB
[15:10:44.563][info] [#0:script/workspace/loading.lua:112]: ++++As library of:	file:///usr/local/share/nvim/runtime/lua
[15:10:44.563][info] [#0:script/workspace/loading.lua:100]: Preload file at: file:///usr/local/share/nvim/runtime/lua/vim/treesitter/language.lua , size = 5.382 KB
[15:10:44.568][info] [#0:script/workspace/loading.lua:112]: ++++As library of:	file:///usr/local/share/nvim/runtime/lua
[15:10:44.568][info] [#0:script/workspace/loading.lua:100]: Preload file at: file:///usr/local/share/nvim/runtime/lua/vim/treesitter/_meta/tsnode.lua , size = 5.839 KB
[15:10:44.574][info] [#0:script/workspace/loading.lua:112]: ++++As library of:	file:///usr/local/share/nvim/runtime/lua
[15:10:44.574][info] [#0:script/workspace/loading.lua:100]: Preload file at: file:///usr/local/share/nvim/runtime/lua/vim/treesitter/_meta/tsquery.lua , size = 1.860 KB
[15:10:44.575][info] [#0:script/workspace/loading.lua:112]: ++++As library of:	file:///usr/local/share/nvim/runtime/lua
[15:10:44.576][info] [#0:script/workspace/loading.lua:100]: Preload file at: file:///usr/local/share/nvim/runtime/lua/vim/treesitter/_meta/misc.lua , size = 2.809 KB
[15:10:44.580][info] [#0:script/workspace/loading.lua:112]: ++++As library of:	file:///usr/local/share/nvim/runtime/lua
[15:10:44.580][info] [#0:script/workspace/loading.lua:100]: Preload file at: file:///usr/local/share/nvim/runtime/lua/vim/treesitter/_meta/tstree.lua , size = 1.252 KB
[15:10:44.582][info] [#0:script/workspace/loading.lua:112]: ++++As library of:	file:///usr/local/share/nvim/runtime/lua
[15:10:44.582][info] [#0:script/workspace/loading.lua:100]: Preload file at: file:///usr/local/share/nvim/runtime/lua/vim/treesitter/languagetree.lua , size = 40.306 KB
[15:10:44.620][info] [#0:script/workspace/loading.lua:112]: ++++As library of:	file:///usr/local/share/nvim/runtime/lua
[15:10:44.620][info] [#0:script/workspace/loading.lua:100]: Preload file at: file:///usr/local/share/nvim/runtime/lua/vim/treesitter/highlighter.lua , size = 16.760 KB
[15:10:44.635][info] [#0:script/workspace/loading.lua:112]: ++++As library of:	file:///usr/local/share/nvim/runtime/lua
[15:10:44.636][info] [#0:script/workspace/loading.lua:100]: Preload file at: file:///usr/local/share/nvim/runtime/lua/vim/treesitter/query.lua , size = 37.730 KB
[15:10:44.692][info] [#0:script/workspace/loading.lua:112]: ++++As library of:	file:///usr/local/share/nvim/runtime/lua
[15:10:44.693][info] [#0:script/workspace/loading.lua:100]: Preload file at: file:///usr/local/share/nvim/runtime/lua/vim/treesitter/_fold.lua , size = 14.803 KB
[15:10:44.704][info] [#0:script/workspace/loading.lua:112]: ++++As library of:	file:///usr/local/share/nvim/runtime/lua
[15:10:44.705][info] [#0:script/workspace/loading.lua:100]: Preload file at: file:///usr/local/share/nvim/runtime/lua/vim/treesitter/_headings.lua , size = 3.985 KB
[15:10:44.708][info] [#0:script/workspace/loading.lua:112]: ++++As library of:	file:///usr/local/share/nvim/runtime/lua
[15:10:44.709][info] [#0:script/workspace/loading.lua:100]: Preload file at: file:///usr/local/share/nvim/runtime/lua/vim/treesitter/dev.lua , size = 21.149 KB
[15:10:44.729][info] [#0:script/workspace/loading.lua:112]: ++++As library of:	file:///usr/local/share/nvim/runtime/lua
[15:10:44.730][info] [#0:script/workspace/loading.lua:100]: Preload file at: file:///usr/local/share/nvim/runtime/lua/vim/treesitter/_range.lua , size = 3.923 KB
[15:10:44.735][info] [#0:script/workspace/loading.lua:112]: ++++As library of:	file:///usr/local/share/nvim/runtime/lua
[15:10:44.735][info] [#0:script/workspace/loading.lua:100]: Preload file at: file:///usr/local/share/nvim/runtime/lua/vim/lsp/handlers.lua , size = 24.316 KB
[15:10:44.755][info] [#0:script/workspace/loading.lua:112]: ++++As library of:	file:///usr/local/share/nvim/runtime/lua
[15:10:44.755][info] [#0:script/workspace/loading.lua:100]: Preload file at: file:///usr/local/share/nvim/runtime/lua/vim/lsp/rpc.lua , size = 22.153 KB
[15:10:44.774][info] [#0:script/workspace/loading.lua:112]: ++++As library of:	file:///usr/local/share/nvim/runtime/lua
[15:10:44.775][info] [#0:script/workspace/loading.lua:100]: Preload file at: file:///usr/local/share/nvim/runtime/lua/vim/lsp/util.lua , size = 75.079 KB
[15:10:44.865][info] [#0:script/workspace/loading.lua:112]: ++++As library of:	file:///usr/local/share/nvim/runtime/lua
[15:10:44.922][info] [#0:script/workspace/loading.lua:100]: Preload file at: file:///usr/local/share/nvim/runtime/lua/vim/lsp/health.lua , size = 7.345 KB
[15:10:44.929][info] [#0:script/workspace/loading.lua:112]: ++++As library of:	file:///usr/local/share/nvim/runtime/lua
[15:10:44.929][info] [#0:script/workspace/loading.lua:100]: Preload file at: file:///usr/local/share/nvim/runtime/lua/vim/lsp/client.lua , size = 40.721 KB
[15:10:44.970][info] [#0:script/workspace/loading.lua:112]: ++++As library of:	file:///usr/local/share/nvim/runtime/lua
[15:10:44.970][info] [#0:script/workspace/loading.lua:100]: Preload file at: file:///usr/local/share/nvim/runtime/lua/vim/lsp/diagnostic.lua , size = 11.849 KB
[15:10:44.984][info] [#0:script/workspace/loading.lua:112]: ++++As library of:	file:///usr/local/share/nvim/runtime/lua
[15:10:44.984][info] [#0:script/workspace/loading.lua:100]: Preload file at: file:///usr/local/share/nvim/runtime/lua/vim/lsp/_meta.lua , size = 0.585 KB
[15:10:44.985][info] [#0:script/workspace/loading.lua:112]: ++++As library of:	file:///usr/local/share/nvim/runtime/lua
[15:10:44.985][info] [#0:script/workspace/loading.lua:100]: Preload file at: file:///usr/local/share/nvim/runtime/lua/vim/lsp/completion.lua , size = 27.321 KB
[15:10:45.039][info] [#0:script/workspace/loading.lua:112]: ++++As library of:	file:///usr/local/share/nvim/runtime/lua
[15:10:45.039][info] [#0:script/workspace/loading.lua:100]: Preload file at: file:///usr/local/share/nvim/runtime/lua/vim/lsp/_meta/protocol.lua , size = 188.964 KB
[15:10:45.159][info] [#0:script/workspace/loading.lua:112]: ++++As library of:	file:///usr/local/share/nvim/runtime/lua
[15:10:45.161][info] [#0:script/workspace/loading.lua:100]: Preload file at: file:///usr/local/share/nvim/runtime/lua/vim/lsp/semantic_tokens.lua , size = 27.239 KB
[15:10:45.182][info] [#0:script/workspace/loading.lua:112]: ++++As library of:	file:///usr/local/share/nvim/runtime/lua
[15:10:45.183][info] [#0:script/workspace/loading.lua:100]: Preload file at: file:///usr/local/share/nvim/runtime/lua/vim/lsp/_changetracking.lua , size = 11.493 KB
[15:10:45.193][info] [#0:script/workspace/loading.lua:112]: ++++As library of:	file:///usr/local/share/nvim/runtime/lua
[15:10:45.193][info] [#0:script/workspace/loading.lua:100]: Preload file at: file:///usr/local/share/nvim/runtime/lua/vim/lsp/buf.lua , size = 43.300 KB
[15:10:45.239][info] [#0:script/workspace/loading.lua:112]: ++++As library of:	file:///usr/local/share/nvim/runtime/lua
[15:10:45.239][info] [#0:script/workspace/loading.lua:100]: Preload file at: file:///usr/local/share/nvim/runtime/lua/vim/lsp/inlay_hint.lua , size = 11.941 KB
[15:10:45.250][info] [#0:script/workspace/loading.lua:112]: ++++As library of:	file:///usr/local/share/nvim/runtime/lua
[15:10:45.250][info] [#0:script/workspace/loading.lua:100]: Preload file at: file:///usr/local/share/nvim/runtime/lua/vim/lsp/sync.lua , size = 15.728 KB
[15:10:45.281][info] [#0:script/workspace/loading.lua:112]: ++++As library of:	file:///usr/local/share/nvim/runtime/lua
[15:10:45.282][info] [#0:script/workspace/loading.lua:100]: Preload file at: file:///usr/local/share/nvim/runtime/lua/vim/lsp/_folding_range.lua , size = 11.456 KB
[15:10:45.294][info] [#0:script/workspace/loading.lua:112]: ++++As library of:	file:///usr/local/share/nvim/runtime/lua
[15:10:45.294][info] [#0:script/workspace/loading.lua:100]: Preload file at: file:///usr/local/share/nvim/runtime/lua/vim/lsp/_watchfiles.lua , size = 6.813 KB
[15:10:45.300][info] [#0:script/workspace/loading.lua:112]: ++++As library of:	file:///usr/local/share/nvim/runtime/lua
[15:10:45.301][info] [#0:script/workspace/loading.lua:100]: Preload file at: file:///usr/local/share/nvim/runtime/lua/vim/lsp/_tagfunc.lua , size = 3.236 KB
[15:10:45.306][info] [#0:script/workspace/loading.lua:112]: ++++As library of:	file:///usr/local/share/nvim/runtime/lua
[15:10:45.306][info] [#0:script/workspace/loading.lua:100]: Preload file at: file:///usr/local/share/nvim/runtime/lua/vim/lsp/_transport.lua , size = 5.152 KB
[15:10:45.312][info] [#0:script/workspace/loading.lua:112]: ++++As library of:	file:///usr/local/share/nvim/runtime/lua
[15:10:45.312][info] [#0:script/workspace/loading.lua:100]: Preload file at: file:///usr/local/share/nvim/runtime/lua/vim/lsp/codelens.lua , size = 9.245 KB
[15:10:45.322][info] [#0:script/workspace/loading.lua:112]: ++++As library of:	file:///usr/local/share/nvim/runtime/lua
[15:10:45.322][info] [#0:script/workspace/loading.lua:100]: Preload file at: file:///usr/local/share/nvim/runtime/lua/vim/lsp/protocol.lua , size = 45.016 KB
[15:10:45.340][info] [#0:script/workspace/loading.lua:112]: ++++As library of:	file:///usr/local/share/nvim/runtime/lua
[15:10:45.340][info] [#0:script/workspace/loading.lua:100]: Preload file at: file:///usr/local/share/nvim/runtime/lua/vim/lsp/log.lua , size = 5.593 KB
[15:10:45.345][info] [#0:script/workspace/loading.lua:112]: ++++As library of:	file:///usr/local/share/nvim/runtime/lua
[15:10:45.345][info] [#0:script/workspace/loading.lua:100]: Preload file at: file:///usr/local/share/nvim/runtime/lua/vim/lsp/_snippet_grammar.lua , size = 6.228 KB
[15:10:45.353][info] [#0:script/workspace/loading.lua:112]: ++++As library of:	file:///usr/local/share/nvim/runtime/lua
[15:10:45.353][info] [#0:script/workspace/loading.lua:100]: Preload file at: file:///usr/local/share/nvim/runtime/lua/vim/_buf.lua , size = 0.764 KB
[15:10:45.355][info] [#0:script/workspace/loading.lua:112]: ++++As library of:	file:///usr/local/share/nvim/runtime/lua
[15:10:45.355][info] [#0:script/workspace/loading.lua:100]: Preload file at: file:///usr/local/share/nvim/runtime/lua/vim/_editor.lua , size = 44.544 KB
[15:10:45.410][info] [#0:script/workspace/loading.lua:112]: ++++As library of:	file:///usr/local/share/nvim/runtime/lua
[15:10:45.412][info] [#0:script/workspace/loading.lua:100]: Preload file at: file:///usr/local/share/nvim/runtime/lua/vim/termcap.lua , size = 2.952 KB
[15:10:45.415][info] [#0:script/workspace/loading.lua:112]: ++++As library of:	file:///usr/local/share/nvim/runtime/lua
[15:10:45.415][info] [#0:script/workspace/loading.lua:100]: Preload file at: file:///usr/local/share/nvim/runtime/lua/vim/uri.lua , size = 3.614 KB
[15:10:45.419][info] [#0:script/workspace/loading.lua:112]: ++++As library of:	file:///usr/local/share/nvim/runtime/lua
[15:10:45.419][info] [#0:script/workspace/loading.lua:100]: Preload file at: file:///usr/local/share/nvim/runtime/lua/vim/glob.lua , size = 3.312 KB
[15:10:45.423][info] [#0:script/workspace/loading.lua:112]: ++++As library of:	file:///usr/local/share/nvim/runtime/lua
[15:10:45.423][info] [#0:script/workspace/loading.lua:100]: Preload file at: file:///usr/local/share/nvim/runtime/lua/nvim/tutor.lua , size = 2.627 KB
[15:10:45.426][info] [#0:script/workspace/loading.lua:112]: ++++As library of:	file:///usr/local/share/nvim/runtime/lua
[15:10:45.426][info] [#0:script/workspace/loading.lua:100]: Preload file at: file:///usr/local/share/nvim/runtime/lua/editorconfig.lua , size = 11.232 KB
[15:10:45.436][info] [#0:script/workspace/loading.lua:112]: ++++As library of:	file:///usr/local/share/nvim/runtime/lua
[15:10:45.436][info] [#0:script/workspace/loading.lua:100]: Preload file at: file:///usr/local/share/nvim/runtime/lua/_vim9script.lua , size = 15.423 KB
[15:10:45.449][info] [#0:script/workspace/loading.lua:112]: ++++As library of:	file:///usr/local/share/nvim/runtime/lua
[15:10:45.450][info] [#0:script/workspace/loading.lua:100]: Preload file at: file:///usr/local/share/nvim/runtime/lua/coxpcall.lua , size = 3.672 KB
[15:10:45.454][info] [#0:script/workspace/loading.lua:112]: ++++As library of:	file:///usr/local/share/nvim/runtime/lua
[15:10:45.454][info] [#0:script/workspace/loading.lua:100]: Preload file at: file:///usr/local/share/nvim/runtime/lua/tohtml.lua , size = 43.272 KB
[15:10:45.538][info] [#0:script/workspace/loading.lua:112]: ++++As library of:	file:///usr/local/share/nvim/runtime/lua
[15:10:45.538][info] [#0:script/workspace/loading.lua:100]: Preload file at: file:///home/keven/.local/share/nvim/mason/packages/lua-language-server/libexec/meta/LuaJIT%20en-us%20utf8/jit.lua , size = 0.884 KB
[15:10:45.544][info] [#0:script/workspace/loading.lua:112]: ++++As library of:	file:///home/keven/.local/share/nvim/mason/packages/lua-language-server/libexec/meta/LuaJIT%20en-us%20utf8/jit.lua
[15:10:45.544][info] [#0:script/workspace/loading.lua:100]: Preload file at: file:///home/keven/.local/share/nvim/mason/packages/lua-language-server/libexec/meta/LuaJIT%20en-us%20utf8/coroutine.lua , size = 2.541 KB
[15:10:45.552][info] [#0:script/workspace/loading.lua:112]: ++++As library of:	file:///home/keven/.local/share/nvim/mason/packages/lua-language-server/libexec/meta/LuaJIT%20en-us%20utf8/coroutine.lua
[15:10:45.552][info] [#0:script/workspace/loading.lua:88]: Skip loaded file: file:///home/keven/dotfiles/nvim/.config/nvim/init.lua
[15:10:45.555][info] [#0:script/workspace/loading.lua:172]: Loaded files takes [4.285] sec: file:///home/keven/dotfiles/nvim/.config/nvim
[15:10:45.555][info] [#0:script/workspace/loading.lua:181]: Compile files takes [0.000] sec: file:///home/keven/dotfiles/nvim/.config/nvim
[15:10:45.555][info] [#0:script/workspace/loading.lua:182]: Loaded finish:	file:///home/keven/dotfiles/nvim/.config/nvim
[15:10:45.555][info] [#0:script/workspace/workspace.lua:389]: Preload finish at:	file:///home/keven/dotfiles/nvim/.config/nvim
[15:10:45.653][info] [#0:script/provider/diagnostic.lua:560]: Diagnostics scope [file:///home/keven/dotfiles/nvim/.config/nvim], files count:[372]
[15:10:45.655][warn] [#0:script/proto/proto.lua:189]: Method [textDocument/didOpen] takes [7.437]sec. {
  jsonrpc = "2.0",
  method = "textDocument/didOpen",
  params = {
    textDocument = {
      languageId = "lua",
      text = '"***"',
      uri = "file:///home/keven/dotfiles/nvim/.config/nvim/lua/config/options.lua",
      version = 0
    }
  }
}
[15:10:45.655][warn] [#0:script/proto/proto.lua:189]: Method [textDocument/inlayHint] takes [7.374]sec. {
  id = 7,
  jsonrpc = "2.0",
  method = "textDocument/inlayHint",
  params = {
    range = {
      end = {
        character = 0,
        line = 3
      },
      start = {
        character = 0,
        line = 0
      }
    },
    textDocument = {
      uri = "file:///home/keven/dotfiles/nvim/.config/nvim/lua/config/options.lua"
    }
  }
}
[15:10:45.655][warn] [#0:script/proto/proto.lua:189]: Method [textDocument/inlayHint] takes [7.374]sec. {
  id = 9,
  jsonrpc = "2.0",
  method = "textDocument/inlayHint",
  params = {
    range = {
      end = {
        character = 0,
        line = 3
      },
      start = {
        character = 0,
        line = 0
      }
    },
    textDocument = {
      uri = "file:///home/keven/dotfiles/nvim/.config/nvim/lua/config/options.lua"
    }
  }
}
[15:10:45.655][warn] [#0:script/proto/proto.lua:189]: Method [textDocument/inlayHint] takes [7.374]sec. {
  id = 11,
  jsonrpc = "2.0",
  method = "textDocument/inlayHint",
  params = {
    range = {
      end = {
        character = 0,
        line = 3
      },
      start = {
        character = 0,
        line = 0
      }
    },
    textDocument = {
      uri = "file:///home/keven/dotfiles/nvim/.config/nvim/lua/config/options.lua"
    }
  }
}
[15:10:45.655][warn] [#0:script/proto/proto.lua:189]: Method [textDocument/inlayHint] takes [7.374]sec. {
  id = 13,
  jsonrpc = "2.0",
  method = "textDocument/inlayHint",
  params = {
    range = {
      end = {
        character = 0,
        line = 3
      },
      start = {
        character = 0,
        line = 0
      }
    },
    textDocument = {
      uri = "file:///home/keven/dotfiles/nvim/.config/nvim/lua/config/options.lua"
    }
  }
}
[15:10:45.656][warn] [#0:script/proto/proto.lua:189]: Method [textDocument/inlayHint] takes [7.362]sec. {
  id = 15,
  jsonrpc = "2.0",
  method = "textDocument/inlayHint",
  params = {
    range = {
      end = {
        character = 0,
        line = 3
      },
      start = {
        character = 0,
        line = 0
      }
    },
    textDocument = {
      uri = "file:///home/keven/dotfiles/nvim/.config/nvim/lua/config/options.lua"
    }
  }
}
[15:10:45.656][warn] [#0:script/proto/proto.lua:189]: Method [textDocument/inlayHint] takes [7.353]sec. {
  id = 17,
  jsonrpc = "2.0",
  method = "textDocument/inlayHint",
  params = {
    range = {
      end = {
        character = 0,
        line = 3
      },
      start = {
        character = 0,
        line = 0
      }
    },
    textDocument = {
      uri = "file:///home/keven/dotfiles/nvim/.config/nvim/lua/config/options.lua"
    }
  }
}
[15:10:45.656][warn] [#0:script/proto/proto.lua:189]: Method [textDocument/documentHighlight] takes [6.805]sec. {
  id = 18,
  jsonrpc = "2.0",
  method = "textDocument/documentHighlight",
  params = {
    position = {
      character = 0,
      line = 1
    },
    textDocument = {
      uri = "file:///home/keven/dotfiles/nvim/.config/nvim/lua/config/options.lua"
    }
  }
}
[15:10:45.656][warn] [#0:script/proto/proto.lua:189]: Method [textDocument/documentHighlight] takes [6.717]sec. {
  id = 19,
  jsonrpc = "2.0",
  method = "textDocument/documentHighlight",
  params = {
    position = {
      character = 0,
      line = 0
    },
    textDocument = {
      uri = "file:///home/keven/dotfiles/nvim/.config/nvim/lua/config/options.lua"
    }
  }
}
[15:10:45.656][warn] [#0:script/proto/proto.lua:189]: Method [textDocument/didOpen] takes [4.992]sec. {
  jsonrpc = "2.0",
  method = "textDocument/didOpen",
  params = {
    textDocument = {
      languageId = "lua",
      text = '"***"',
      uri = "file:///home/keven/dotfiles/nvim/.config/nvim/lua/config/lazy.lua",
      version = 0
    }
  }
}
[15:10:45.722][warn] [#0:script/proto/proto.lua:189]: Method [textDocument/documentHighlight] takes [4.324]sec. {
  id = 31,
  jsonrpc = "2.0",
  method = "textDocument/documentHighlight",
  params = {
    position = {
      character = 0,
      line = 21
    },
    textDocument = {
      uri = "file:///home/keven/dotfiles/nvim/.config/nvim/lua/config/lazy.lua"
    }
  }
}
[15:10:45.723][warn] [#0:script/proto/proto.lua:189]: Method [textDocument/documentHighlight] takes [2.926]sec. {
  id = 32,
  jsonrpc = "2.0",
  method = "textDocument/documentHighlight",
  params = {
    position = {
      character = 0,
      line = 51
    },
    textDocument = {
      uri = "file:///home/keven/dotfiles/nvim/.config/nvim/lua/config/lazy.lua"
    }
  }
}
[15:10:45.753][warn] [#0:script/proto/proto.lua:189]: Method [textDocument/foldingRange] takes [7.534]sec. {
  id = 5,
  jsonrpc = "2.0",
  method = "textDocument/foldingRange",
  params = {
    textDocument = {
      uri = "file:///home/keven/dotfiles/nvim/.config/nvim/lua/config/options.lua"
    }
  }
}
[15:10:45.782][warn] [#0:script/proto/proto.lua:189]: Method [textDocument/inlayHint] takes [5.117]sec. {
  id = 21,
  jsonrpc = "2.0",
  method = "textDocument/inlayHint",
  params = {
    range = {
      end = {
        character = 0,
        line = 52
      },
      start = {
        character = 0,
        line = 0
      }
    },
    textDocument = {
      uri = "file:///home/keven/dotfiles/nvim/.config/nvim/lua/config/lazy.lua"
    }
  }
}
[15:10:45.783][warn] [#0:script/proto/proto.lua:189]: Method [textDocument/inlayHint] takes [4.806]sec. {
  id = 25,
  jsonrpc = "2.0",
  method = "textDocument/inlayHint",
  params = {
    range = {
      end = {
        character = 0,
        line = 52
      },
      start = {
        character = 0,
        line = 0
      }
    },
    textDocument = {
      uri = "file:///home/keven/dotfiles/nvim/.config/nvim/lua/config/lazy.lua"
    }
  }
}
[15:10:45.783][warn] [#0:script/proto/proto.lua:189]: Method [textDocument/inlayHint] takes [4.806]sec. {
  id = 27,
  jsonrpc = "2.0",
  method = "textDocument/inlayHint",
  params = {
    range = {
      end = {
        character = 0,
        line = 52
      },
      start = {
        character = 0,
        line = 0
      }
    },
    textDocument = {
      uri = "file:///home/keven/dotfiles/nvim/.config/nvim/lua/config/lazy.lua"
    }
  }
}
[15:10:45.783][warn] [#0:script/proto/proto.lua:189]: Method [textDocument/inlayHint] takes [4.806]sec. {
  id = 29,
  jsonrpc = "2.0",
  method = "textDocument/inlayHint",
  params = {
    range = {
      end = {
        character = 0,
        line = 52
      },
      start = {
        character = 0,
        line = 0
      }
    },
    textDocument = {
      uri = "file:///home/keven/dotfiles/nvim/.config/nvim/lua/config/lazy.lua"
    }
  }
}
[15:10:45.796][warn] [#0:script/proto/proto.lua:189]: Method [textDocument/documentSymbol] takes [4.636]sec. {
  id = 30,
  jsonrpc = "2.0",
  method = "textDocument/documentSymbol",
  params = {
    textDocument = {
      uri = "file:///home/keven/dotfiles/nvim/.config/nvim/lua/config/lazy.lua"
    }
  }
}
[15:10:45.798][warn] [#0:script/proto/proto.lua:189]: Method [textDocument/documentSymbol] takes [2.957]sec. {
  id = 33,
  jsonrpc = "2.0",
  method = "textDocument/documentSymbol",
  params = {
    textDocument = {
      uri = "file:///home/keven/dotfiles/nvim/.config/nvim/lua/config/lazy.lua"
    }
  }
}
[15:10:45.805][warn] [#0:script/proto/proto.lua:189]: Method [textDocument/foldingRange] takes [5.140]sec. {
  id = 23,
  jsonrpc = "2.0",
  method = "textDocument/foldingRange",
  params = {
    textDocument = {
      uri = "file:///home/keven/dotfiles/nvim/.config/nvim/lua/config/lazy.lua"
    }
  }
}
[15:10:45.889][info] [#0:script/provider/diagnostic.lua:577]: Diagnostics scope [file:///home/keven/dotfiles/nvim/.config/nvim] finished, takes [0.239] sec.
[15:11:15.180][info] [#0:script/provider/provider.lua:176]: Server shutdown.
[15:11:15.280][warn] [#0:script/pub/report.lua:24]: Load proto error:	Disconnected!
